panel,case,tier,model,source_sweep,source_cell,timeout,elapsed_s,bound
synthetic,cjson-parse-string-oob,3,openrouter/openai/gpt-5.5,injected-cases,cjson-parse-string-oob__tier3__openrouter_openai_gpt-5.5__tier3_gdb_only__ctx10__t1,600,245.41,false
synthetic,cjson-parse-string-oob,3,openrouter/google/gemini-3.1-flash-lite-preview,injected-cases,cjson-parse-string-oob__tier3__openrouter_google_gemini-3.1-flash-lite-preview__tier3_gdb_only__ctx10__t1,600,26.17,false
synthetic,cjson-parse-string-oob,3,openrouter/qwen/qwen3-30b-a3b-instruct-2507,injected-cases,cjson-parse-string-oob__tier3__openrouter_qwen_qwen3-30b-a3b-instruct-2507__tier3_gdb_only__ctx10__t1,600,24.56,false
synthetic,cjson-parse-string-oob,3,openrouter/nvidia/nemotron-3-nano-30b-a3b,injected-cases,cjson-parse-string-oob__tier3__openrouter_nvidia_nemotron-3-nano-30b-a3b__tier3_gdb_only__ctx10__t1,600,58.67,false
synthetic,double-free-errpath,1,openrouter/openai/gpt-5.5,xtier-t1,double-free-errpath__tier1__openrouter_openai_gpt-5.5__tier1_bash_only__ctx10__t1,600,30.85,false
synthetic,double-free-errpath,3,openrouter/openai/gpt-5.5,xtier-t3,double-free-errpath__tier3__openrouter_openai_gpt-5.5__tier3_gdb_only__ctx10__t1,600,54.07,false
synthetic,double-free-errpath,1,openrouter/x-ai/grok-4,xtier-t1,double-free-errpath__tier1__openrouter_x-ai_grok-4__tier1_bash_only__ctx10__t1,600,83.48,false
synthetic,double-free-errpath,3,openrouter/x-ai/grok-4,xtier-t3,double-free-errpath__tier3__openrouter_x-ai_grok-4__tier3_gdb_only__ctx10__t1,600,85.84,false
synthetic,double-free-errpath,1,openrouter/anthropic/claude-sonnet-4.5,xtier-t1,double-free-errpath__tier1__openrouter_anthropic_claude-sonnet-4.5__tier1_bash_only__ctx10__t1,600,17.69,false
synthetic,double-free-errpath,3,openrouter/anthropic/claude-sonnet-4.5,xtier-t3,double-free-errpath__tier3__openrouter_anthropic_claude-sonnet-4.5__tier3_gdb_only__ctx10__t1,600,10.15,false
synthetic,double-free-errpath,1,openrouter/google/gemini-3.1-flash-lite-preview,xtier-t1,double-free-errpath__tier1__openrouter_google_gemini-3.1-flash-lite-preview__tier1_bash_only__ctx10__t1,600,10.54,false
synthetic,double-free-errpath,3,openrouter/google/gemini-3.1-flash-lite-preview,xtier-t3,double-free-errpath__tier3__openrouter_google_gemini-3.1-flash-lite-preview__tier3_gdb_only__ctx10__t1,600,19.27,false
synthetic,double-free-errpath,1,openrouter/qwen/qwen3-30b-a3b-instruct-2507,xtier-t1,double-free-errpath__tier1__openrouter_qwen_qwen3-30b-a3b-instruct-2507__tier1_bash_only__ctx10__t1,600,14.07,false
synthetic,double-free-errpath,3,openrouter/qwen/qwen3-30b-a3b-instruct-2507,xtier-t3,double-free-errpath__tier3__openrouter_qwen_qwen3-30b-a3b-instruct-2507__tier3_gdb_only__ctx10__t1,600,15.29,false
synthetic,double-free-errpath,1,openrouter/nvidia/nemotron-3-nano-30b-a3b,xtier-t1,double-free-errpath__tier1__openrouter_nvidia_nemotron-3-nano-30b-a3b__tier1_bash_only__ctx10__t1,600,63.68,false
synthetic,double-free-errpath,3,openrouter/nvidia/nemotron-3-nano-30b-a3b,xtier-t3,double-free-errpath__tier3__openrouter_nvidia_nemotron-3-nano-30b-a3b__tier3_gdb_only__ctx10__t1,600,83.08,false
synthetic,heap-overflow-csv,1,openrouter/openai/gpt-5.5,tier1-demo,heap-overflow-csv__tier1__openrouter_openai_gpt-5.5__tier1_bash_only__ctx10__t1,600,25.41,false
synthetic,heap-overflow-csv,3,openrouter/openai/gpt-5.5,full-synthetic-v1-stripped,heap-overflow-csv__tier3__openrouter_openai_gpt-5.5__tier3_gdb_only__ctx10__t1,600,78.03,false
synthetic,heap-overflow-csv,3,openrouter/google/gemini-3.1-flash-lite-preview,full-synthetic-v1-stripped,heap-overflow-csv__tier3__openrouter_google_gemini-3.1-flash-lite-preview__tier3_gdb_only__ctx10__t1,600,11.21,false
synthetic,heap-overflow-csv,1,openrouter/qwen/qwen3-30b-a3b-instruct-2507,tier1-demo,heap-overflow-csv__tier1__openrouter_qwen_qwen3-30b-a3b-instruct-2507__tier1_bash_only__ctx10__t1,600,33.42,false
synthetic,heap-overflow-csv,3,openrouter/qwen/qwen3-30b-a3b-instruct-2507,full-synthetic-v1-stripped,heap-overflow-csv__tier3__openrouter_qwen_qwen3-30b-a3b-instruct-2507__tier3_gdb_only__ctx10__t1,600,24.32,false
synthetic,heap-overflow-csv,3,openrouter/nvidia/nemotron-3-nano-30b-a3b,full-synthetic-v1-stripped,heap-overflow-csv__tier3__openrouter_nvidia_nemotron-3-nano-30b-a3b__tier3_gdb_only__ctx10__t1,600,37.48,false
synthetic,intoverflow-alloc,1,openrouter/openai/gpt-5.5,xtier-t1,intoverflow-alloc__tier1__openrouter_openai_gpt-5.5__tier1_bash_only__ctx10__t1,600,24.11,false
synthetic,intoverflow-alloc,3,openrouter/openai/gpt-5.5,xtier-t3,intoverflow-alloc__tier3__openrouter_openai_gpt-5.5__tier3_gdb_only__ctx10__t1,600,43.88,false
synthetic,intoverflow-alloc,1,openrouter/x-ai/grok-4,xtier-t1,intoverflow-alloc__tier1__openrouter_x-ai_grok-4__tier1_bash_only__ctx10__t1,600,95.24,false
synthetic,intoverflow-alloc,3,openrouter/x-ai/grok-4,xtier-t3,intoverflow-alloc__tier3__openrouter_x-ai_grok-4__tier3_gdb_only__ctx10__t1,600,109.82,false
synthetic,intoverflow-alloc,1,openrouter/anthropic/claude-sonnet-4.5,xtier-t1,intoverflow-alloc__tier1__openrouter_anthropic_claude-sonnet-4.5__tier1_bash_only__ctx10__t1,600,44.96,false
synthetic,intoverflow-alloc,3,openrouter/anthropic/claude-sonnet-4.5,xtier-t3,intoverflow-alloc__tier3__openrouter_anthropic_claude-sonnet-4.5__tier3_gdb_only__ctx10__t1,600,14.70,false
synthetic,intoverflow-alloc,1,openrouter/google/gemini-3.1-flash-lite-preview,xtier-t1,intoverflow-alloc__tier1__openrouter_google_gemini-3.1-flash-lite-preview__tier1_bash_only__ctx10__t1,600,15.10,false
synthetic,intoverflow-alloc,3,openrouter/google/gemini-3.1-flash-lite-preview,xtier-t3,intoverflow-alloc__tier3__openrouter_google_gemini-3.1-flash-lite-preview__tier3_gdb_only__ctx10__t1,600,31.28,false
synthetic,intoverflow-alloc,1,openrouter/qwen/qwen3-30b-a3b-instruct-2507,xtier-t1,intoverflow-alloc__tier1__openrouter_qwen_qwen3-30b-a3b-instruct-2507__tier1_bash_only__ctx10__t1,600,32.78,false
synthetic,intoverflow-alloc,3,openrouter/qwen/qwen3-30b-a3b-instruct-2507,xtier-t3,intoverflow-alloc__tier3__openrouter_qwen_qwen3-30b-a3b-instruct-2507__tier3_gdb_only__ctx10__t1,600,22.17,false
synthetic,intoverflow-alloc,1,openrouter/nvidia/nemotron-3-nano-30b-a3b,xtier-t1,intoverflow-alloc__tier1__openrouter_nvidia_nemotron-3-nano-30b-a3b__tier1_bash_only__ctx10__t1,600,23.88,false
synthetic,intoverflow-alloc,3,openrouter/nvidia/nemotron-3-nano-30b-a3b,xtier-t3,intoverflow-alloc__tier3__openrouter_nvidia_nemotron-3-nano-30b-a3b__tier3_gdb_only__ctx10__t1,600,52.44,false
synthetic,null-deref-env,1,openrouter/openai/gpt-5.5,tier1-demo,null-deref-env__tier1__openrouter_openai_gpt-5.5__tier1_bash_only__ctx10__t1,600,19.88,false
synthetic,null-deref-env,3,openrouter/openai/gpt-5.5,full-synthetic-v1-stripped,null-deref-env__tier3__openrouter_openai_gpt-5.5__tier3_gdb_only__ctx10__t1,600,31.34,false
synthetic,null-deref-env,3,openrouter/google/gemini-3.1-flash-lite-preview,full-synthetic-v1-stripped,null-deref-env__tier3__openrouter_google_gemini-3.1-flash-lite-preview__tier3_gdb_only__ctx10__t1,600,14.57,false
synthetic,null-deref-env,1,openrouter/qwen/qwen3-30b-a3b-instruct-2507,tier1-demo,null-deref-env__tier1__openrouter_qwen_qwen3-30b-a3b-instruct-2507__tier1_bash_only__ctx10__t1,600,14.94,false
synthetic,null-deref-env,3,openrouter/qwen/qwen3-30b-a3b-instruct-2507,full-synthetic-v1-stripped,null-deref-env__tier3__openrouter_qwen_qwen3-30b-a3b-instruct-2507__tier3_gdb_only__ctx10__t1,600,29.94,false
synthetic,null-deref-env,3,openrouter/nvidia/nemotron-3-nano-30b-a3b,full-synthetic-v1-stripped,null-deref-env__tier3__openrouter_nvidia_nemotron-3-nano-30b-a3b__tier3_gdb_only__ctx10__t1,600,22.10,false
synthetic,off-by-one-crc,1,openrouter/openai/gpt-5.5,xtier-t1,off-by-one-crc__tier1__openrouter_openai_gpt-5.5__tier1_bash_only__ctx10__t1,600,37.20,false
synthetic,off-by-one-crc,3,openrouter/openai/gpt-5.5,xtier-t3,off-by-one-crc__tier3__openrouter_openai_gpt-5.5__tier3_gdb_only__ctx10__t1,600,38.66,false
synthetic,off-by-one-crc,1,openrouter/x-ai/grok-4,xtier-t1,off-by-one-crc__tier1__openrouter_x-ai_grok-4__tier1_bash_only__ctx10__t1,600,55.69,false
synthetic,off-by-one-crc,3,openrouter/x-ai/grok-4,xtier-t3,off-by-one-crc__tier3__openrouter_x-ai_grok-4__tier3_gdb_only__ctx10__t1,600,36.78,false
synthetic,off-by-one-crc,1,openrouter/anthropic/claude-sonnet-4.5,xtier-t1,off-by-one-crc__tier1__openrouter_anthropic_claude-sonnet-4.5__tier1_bash_only__ctx10__t1,600,21.62,false
synthetic,off-by-one-crc,3,openrouter/anthropic/claude-sonnet-4.5,xtier-t3,off-by-one-crc__tier3__openrouter_anthropic_claude-sonnet-4.5__tier3_gdb_only__ctx10__t1,600,10.24,false
synthetic,off-by-one-crc,1,openrouter/google/gemini-3.1-flash-lite-preview,xtier-t1,off-by-one-crc__tier1__openrouter_google_gemini-3.1-flash-lite-preview__tier1_bash_only__ctx10__t1,600,8.75,false
synthetic,off-by-one-crc,3,openrouter/google/gemini-3.1-flash-lite-preview,xtier-t3,off-by-one-crc__tier3__openrouter_google_gemini-3.1-flash-lite-preview__tier3_gdb_only__ctx10__t1,600,8.89,false
synthetic,off-by-one-crc,1,openrouter/qwen/qwen3-30b-a3b-instruct-2507,xtier-t1,off-by-one-crc__tier1__openrouter_qwen_qwen3-30b-a3b-instruct-2507__tier1_bash_only__ctx10__t1,600,18.13,false
synthetic,off-by-one-crc,3,openrouter/qwen/qwen3-30b-a3b-instruct-2507,xtier-t3,off-by-one-crc__tier3__openrouter_qwen_qwen3-30b-a3b-instruct-2507__tier3_gdb_only__ctx10__t1,600,18.69,false
synthetic,off-by-one-crc,1,openrouter/nvidia/nemotron-3-nano-30b-a3b,xtier-t1,off-by-one-crc__tier1__openrouter_nvidia_nemotron-3-nano-30b-a3b__tier1_bash_only__ctx10__t1,600,283.38,false
synthetic,off-by-one-crc,3,openrouter/nvidia/nemotron-3-nano-30b-a3b,xtier-t3,off-by-one-crc__tier3__openrouter_nvidia_nemotron-3-nano-30b-a3b__tier3_gdb_only__ctx10__t1,600,28.53,false
synthetic,shift-int-overflow,3,openrouter/openai/gpt-5.5,new-cases,shift-int-overflow__tier3__openrouter_openai_gpt-5.5__tier3_gdb_only__ctx10__t1,600,51.85,false
synthetic,shift-int-overflow,3,openrouter/google/gemini-3.1-flash-lite-preview,new-cases,shift-int-overflow__tier3__openrouter_google_gemini-3.1-flash-lite-preview__tier3_gdb_only__ctx10__t1,600,83.58,false
synthetic,shift-int-overflow,3,openrouter/qwen/qwen3-30b-a3b-instruct-2507,new-cases,shift-int-overflow__tier3__openrouter_qwen_qwen3-30b-a3b-instruct-2507__tier3_gdb_only__ctx10__t1,600,65.80,false
synthetic,shift-int-overflow,3,openrouter/nvidia/nemotron-3-nano-30b-a3b,new-cases,shift-int-overflow__tier3__openrouter_nvidia_nemotron-3-nano-30b-a3b__tier3_gdb_only__ctx10__t1,600,25.92,false
synthetic,signed-unsigned-loop,1,openrouter/openai/gpt-5.5,tier1-demo,signed-unsigned-loop__tier1__openrouter_openai_gpt-5.5__tier1_bash_only__ctx10__t1,600,122.95,false
synthetic,signed-unsigned-loop,3,openrouter/openai/gpt-5.5,full-synthetic-v1-stripped,signed-unsigned-loop__tier3__openrouter_openai_gpt-5.5__tier3_gdb_only__ctx10__t1,600,69.91,false
synthetic,signed-unsigned-loop,3,openrouter/google/gemini-3.1-flash-lite-preview,full-synthetic-v1-stripped,signed-unsigned-loop__tier3__openrouter_google_gemini-3.1-flash-lite-preview__tier3_gdb_only__ctx10__t1,600,16.31,false
synthetic,signed-unsigned-loop,1,openrouter/qwen/qwen3-30b-a3b-instruct-2507,tier1-demo,signed-unsigned-loop__tier1__openrouter_qwen_qwen3-30b-a3b-instruct-2507__tier1_bash_only__ctx10__t1,600,59.75,false
synthetic,signed-unsigned-loop,3,openrouter/qwen/qwen3-30b-a3b-instruct-2507,full-synthetic-v1-stripped,signed-unsigned-loop__tier3__openrouter_qwen_qwen3-30b-a3b-instruct-2507__tier3_gdb_only__ctx10__t1,600,27.85,false
synthetic,signed-unsigned-loop,3,openrouter/nvidia/nemotron-3-nano-30b-a3b,full-synthetic-v1-stripped,signed-unsigned-loop__tier3__openrouter_nvidia_nemotron-3-nano-30b-a3b__tier3_gdb_only__ctx10__t1,600,40.84,false
synthetic,stack-buffer-overflow-strcpy,3,openrouter/openai/gpt-5.5,new-cases,stack-buffer-overflow-strcpy__tier3__openrouter_openai_gpt-5.5__tier3_gdb_only__ctx10__t1,600,41.57,false
synthetic,stack-buffer-overflow-strcpy,3,openrouter/google/gemini-3.1-flash-lite-preview,new-cases,stack-buffer-overflow-strcpy__tier3__openrouter_google_gemini-3.1-flash-lite-preview__tier3_gdb_only__ctx10__t1,600,15.54,false
synthetic,stack-buffer-overflow-strcpy,3,openrouter/qwen/qwen3-30b-a3b-instruct-2507,new-cases,stack-buffer-overflow-strcpy__tier3__openrouter_qwen_qwen3-30b-a3b-instruct-2507__tier3_gdb_only__ctx10__t1,600,50.41,false
synthetic,stack-buffer-overflow-strcpy,3,openrouter/nvidia/nemotron-3-nano-30b-a3b,new-cases,stack-buffer-overflow-strcpy__tier3__openrouter_nvidia_nemotron-3-nano-30b-a3b__tier3_gdb_only__ctx10__t1,600,23.95,false
synthetic,test-deep-recursion,3,openrouter/openai/gpt-5.5,paper-cases-fix,test-deep-recursion__tier3__openrouter_openai_gpt-5.5__tier3_gdb_only__ctx10__t1,600,36.52,false
synthetic,test-deep-recursion,3,openrouter/google/gemini-3.1-flash-lite-preview,paper-cases-fix,test-deep-recursion__tier3__openrouter_google_gemini-3.1-flash-lite-preview__tier3_gdb_only__ctx10__t1,600,21.07,false
synthetic,test-deep-recursion,3,openrouter/qwen/qwen3-30b-a3b-instruct-2507,paper-cases-fix,test-deep-recursion__tier3__openrouter_qwen_qwen3-30b-a3b-instruct-2507__tier3_gdb_only__ctx10__t1,600,27.72,false
synthetic,test-deep-recursion,3,openrouter/nvidia/nemotron-3-nano-30b-a3b,paper-cases-fix,test-deep-recursion__tier3__openrouter_nvidia_nemotron-3-nano-30b-a3b__tier3_gdb_only__ctx10__t1,600,85.33,false
synthetic,test-definition-likely,3,openrouter/openai/gpt-5.5,paper-cases-fix,test-definition-likely__tier3__openrouter_openai_gpt-5.5__tier3_gdb_only__ctx10__t1,600,37.60,false
synthetic,test-definition-likely,3,openrouter/google/gemini-3.1-flash-lite-preview,paper-cases-fix,test-definition-likely__tier3__openrouter_google_gemini-3.1-flash-lite-preview__tier3_gdb_only__ctx10__t1,600,28.70,false
synthetic,test-definition-likely,3,openrouter/nvidia/nemotron-3-nano-30b-a3b,paper-cases-fix,test-definition-likely__tier3__openrouter_nvidia_nemotron-3-nano-30b-a3b__tier3_gdb_only__ctx10__t1,600,129.24,false
synthetic,test-failed-assert,3,openrouter/openai/gpt-5.5,paper-cases,test-failed-assert__tier3__openrouter_openai_gpt-5.5__tier3_gdb_only__ctx10__t1,600,46.37,false
synthetic,test-failed-assert,3,openrouter/google/gemini-3.1-flash-lite-preview,paper-cases,test-failed-assert__tier3__openrouter_google_gemini-3.1-flash-lite-preview__tier3_gdb_only__ctx10__t1,600,17.62,false
synthetic,test-failed-assert,3,openrouter/qwen/qwen3-30b-a3b-instruct-2507,paper-cases,test-failed-assert__tier3__openrouter_qwen_qwen3-30b-a3b-instruct-2507__tier3_gdb_only__ctx10__t1,600,21.47,false
synthetic,test-failed-assert,3,openrouter/nvidia/nemotron-3-nano-30b-a3b,paper-cases,test-failed-assert__tier3__openrouter_nvidia_nemotron-3-nano-30b-a3b__tier3_gdb_only__ctx10__t1,600,35.92,false
synthetic,test-out-of-bounds-read,3,openrouter/openai/gpt-5.5,paper-cases,test-out-of-bounds-read__tier3__openrouter_openai_gpt-5.5__tier3_gdb_only__ctx10__t1,600,33.42,false
synthetic,test-out-of-bounds-read,3,openrouter/google/gemini-3.1-flash-lite-preview,paper-cases,test-out-of-bounds-read__tier3__openrouter_google_gemini-3.1-flash-lite-preview__tier3_gdb_only__ctx10__t1,600,17.46,false
synthetic,test-out-of-bounds-read,3,openrouter/qwen/qwen3-30b-a3b-instruct-2507,paper-cases,test-out-of-bounds-read__tier3__openrouter_qwen_qwen3-30b-a3b-instruct-2507__tier3_gdb_only__ctx10__t1,600,29.51,false
synthetic,test-out-of-bounds-read,3,openrouter/nvidia/nemotron-3-nano-30b-a3b,paper-cases,test-out-of-bounds-read__tier3__openrouter_nvidia_nemotron-3-nano-30b-a3b__tier3_gdb_only__ctx10__t1,600,34.91,false
synthetic,test-overflow,3,openrouter/openai/gpt-5.5,paper-cases,test-overflow__tier3__openrouter_openai_gpt-5.5__tier3_gdb_only__ctx10__t1,600,88.43,false
synthetic,test-overflow,3,openrouter/google/gemini-3.1-flash-lite-preview,paper-cases,test-overflow__tier3__openrouter_google_gemini-3.1-flash-lite-preview__tier3_gdb_only__ctx10__t1,600,28.10,false
synthetic,test-overflow,3,openrouter/qwen/qwen3-30b-a3b-instruct-2507,paper-cases,test-overflow__tier3__openrouter_qwen_qwen3-30b-a3b-instruct-2507__tier3_gdb_only__ctx10__t1,600,16.94,false
synthetic,test-overflow,3,openrouter/nvidia/nemotron-3-nano-30b-a3b,paper-cases,test-overflow__tier3__openrouter_nvidia_nemotron-3-nano-30b-a3b__tier3_gdb_only__ctx10__t1,600,23.71,false
synthetic,test-stack-overflow,3,openrouter/openai/gpt-5.5,paper-cases,test-stack-overflow__tier3__openrouter_openai_gpt-5.5__tier3_gdb_only__ctx10__t1,600,38.91,false
synthetic,test-stack-overflow,3,openrouter/google/gemini-3.1-flash-lite-preview,paper-cases,test-stack-overflow__tier3__openrouter_google_gemini-3.1-flash-lite-preview__tier3_gdb_only__ctx10__t1,600,13.49,false
synthetic,test-stack-overflow,3,openrouter/qwen/qwen3-30b-a3b-instruct-2507,paper-cases,test-stack-overflow__tier3__openrouter_qwen_qwen3-30b-a3b-instruct-2507__tier3_gdb_only__ctx10__t1,600,26.63,false
synthetic,test-stack-overflow,3,openrouter/nvidia/nemotron-3-nano-30b-a3b,paper-cases,test-stack-overflow__tier3__openrouter_nvidia_nemotron-3-nano-30b-a3b__tier3_gdb_only__ctx10__t1,600,58.97,false
synthetic,test-use-after-free,3,openrouter/openai/gpt-5.5,paper-cases,test-use-after-free__tier3__openrouter_openai_gpt-5.5__tier3_gdb_only__ctx10__t1,600,34.53,false
synthetic,test-use-after-free,3,openrouter/google/gemini-3.1-flash-lite-preview,paper-cases,test-use-after-free__tier3__openrouter_google_gemini-3.1-flash-lite-preview__tier3_gdb_only__ctx10__t1,600,26.53,false
synthetic,test-use-after-free,3,openrouter/qwen/qwen3-30b-a3b-instruct-2507,paper-cases,test-use-after-free__tier3__openrouter_qwen_qwen3-30b-a3b-instruct-2507__tier3_gdb_only__ctx10__t1,600,20.10,false
synthetic,test-use-after-free,3,openrouter/nvidia/nemotron-3-nano-30b-a3b,paper-cases,test-use-after-free__tier3__openrouter_nvidia_nemotron-3-nano-30b-a3b__tier3_gdb_only__ctx10__t1,600,28.89,false
synthetic,uaf-linked-list,1,openrouter/openai/gpt-5.5,xtier-t1,uaf-linked-list__tier1__openrouter_openai_gpt-5.5__tier1_bash_only__ctx10__t1,600,21.19,false
synthetic,uaf-linked-list,3,openrouter/openai/gpt-5.5,xtier-t3,uaf-linked-list__tier3__openrouter_openai_gpt-5.5__tier3_gdb_only__ctx10__t1,600,44.83,false
synthetic,uaf-linked-list,1,openrouter/x-ai/grok-4,xtier-t1,uaf-linked-list__tier1__openrouter_x-ai_grok-4__tier1_bash_only__ctx10__t1,600,67.94,false
synthetic,uaf-linked-list,3,openrouter/x-ai/grok-4,xtier-t3,uaf-linked-list__tier3__openrouter_x-ai_grok-4__tier3_gdb_only__ctx10__t1,600,61.43,false
synthetic,uaf-linked-list,1,openrouter/anthropic/claude-sonnet-4.5,xtier-t1,uaf-linked-list__tier1__openrouter_anthropic_claude-sonnet-4.5__tier1_bash_only__ctx10__t1,600,54.98,false
synthetic,uaf-linked-list,3,openrouter/anthropic/claude-sonnet-4.5,xtier-t3,uaf-linked-list__tier3__openrouter_anthropic_claude-sonnet-4.5__tier3_gdb_only__ctx10__t1,600,9.17,false
synthetic,uaf-linked-list,1,openrouter/google/gemini-3.1-flash-lite-preview,xtier-t1,uaf-linked-list__tier1__openrouter_google_gemini-3.1-flash-lite-preview__tier1_bash_only__ctx10__t1,600,7.98,false
synthetic,uaf-linked-list,3,openrouter/google/gemini-3.1-flash-lite-preview,xtier-t3,uaf-linked-list__tier3__openrouter_google_gemini-3.1-flash-lite-preview__tier3_gdb_only__ctx10__t1,600,8.90,false
synthetic,uaf-linked-list,1,openrouter/qwen/qwen3-30b-a3b-instruct-2507,xtier-t1,uaf-linked-list__tier1__openrouter_qwen_qwen3-30b-a3b-instruct-2507__tier1_bash_only__ctx10__t1,600,20.23,false
synthetic,uaf-linked-list,3,openrouter/qwen/qwen3-30b-a3b-instruct-2507,xtier-t3,uaf-linked-list__tier3__openrouter_qwen_qwen3-30b-a3b-instruct-2507__tier3_gdb_only__ctx10__t1,600,24.29,false
synthetic,uaf-linked-list,1,openrouter/nvidia/nemotron-3-nano-30b-a3b,xtier-t1,uaf-linked-list__tier1__openrouter_nvidia_nemotron-3-nano-30b-a3b__tier1_bash_only__ctx10__t1,600,182.91,false
synthetic,uaf-linked-list,3,openrouter/nvidia/nemotron-3-nano-30b-a3b,xtier-t3,uaf-linked-list__tier3__openrouter_nvidia_nemotron-3-nano-30b-a3b__tier3_gdb_only__ctx10__t1,600,63.57,false
synthetic,vector-iter-after-pushback,1,openrouter/openai/gpt-5.5,t1-validation,vector-iter-after-pushback__tier1__openrouter_openai_gpt-5.5__tier1_bash_only__ctx10__t1,600,60.58,false
synthetic,vector-iter-after-pushback,3,openrouter/openai/gpt-5.5,new-cases,vector-iter-after-pushback__tier3__openrouter_openai_gpt-5.5__tier3_gdb_only__ctx10__t1,600,45.31,false
synthetic,vector-iter-after-pushback,3,openrouter/google/gemini-3.1-flash-lite-preview,new-cases,vector-iter-after-pushback__tier3__openrouter_google_gemini-3.1-flash-lite-preview__tier3_gdb_only__ctx10__t1,600,12.75,false
synthetic,vector-iter-after-pushback,1,openrouter/qwen/qwen3-30b-a3b-instruct-2507,t1-validation,vector-iter-after-pushback__tier1__openrouter_qwen_qwen3-30b-a3b-instruct-2507__tier1_bash_only__ctx10__t1,600,13.84,false
synthetic,vector-iter-after-pushback,3,openrouter/qwen/qwen3-30b-a3b-instruct-2507,new-cases,vector-iter-after-pushback__tier3__openrouter_qwen_qwen3-30b-a3b-instruct-2507__tier3_gdb_only__ctx10__t1,600,41.92,false
synthetic,vector-iter-after-pushback,3,openrouter/nvidia/nemotron-3-nano-30b-a3b,new-cases,vector-iter-after-pushback__tier3__openrouter_nvidia_nemotron-3-nano-30b-a3b__tier3_gdb_only__ctx10__t1,600,25.12,false
realworld,bc-heap-overflow,1,openrouter/openai/gpt-4o,bugbench-t1,bc-heap-overflow__tier1__openrouter_openai_gpt-4o__tier1_bash_only__ctx10__t1,240,29.61,false
realworld,bc-heap-overflow,3,openrouter/openai/gpt-4o,bugbench-t3,bc-heap-overflow__tier3__openrouter_openai_gpt-4o__tier3_gdb_only__ctx10__t1,240,13.25,false
realworld,bc-heap-overflow,1,openrouter/qwen/qwen3-30b-a3b-instruct-2507,bugbench-t1,bc-heap-overflow__tier1__openrouter_qwen_qwen3-30b-a3b-instruct-2507__tier1_bash_only__ctx10__t1,240,149.23,false
realworld,bc-heap-overflow,3,openrouter/qwen/qwen3-30b-a3b-instruct-2507,bugbench-t3,bc-heap-overflow__tier3__openrouter_qwen_qwen3-30b-a3b-instruct-2507__tier3_gdb_only__ctx10__t1,240,315.05,true
realworld,bc-heap-overflow,3,openrouter/nvidia/nemotron-3-nano-30b-a3b,bugbench-t3,bc-heap-overflow__tier3__openrouter_nvidia_nemotron-3-nano-30b-a3b__tier3_gdb_only__ctx10__t1,240,35.40,false
realworld,bc-heap-overflow,3,openrouter/meta-llama/llama-3.1-8b-instruct,bugbench-t3,bc-heap-overflow__tier3__openrouter_meta-llama_llama-3.1-8b-instruct__tier3_gdb_only__ctx10__t1,240,6.80,false
realworld,berry-1,1,openrouter/openai/gpt-5.5,berry_consolidated,berry-1__tier1__openrouter_openai_gpt-5.5__tier1_bash_only__ctx10__t1,600,43.86,false
realworld,berry-1,1,openrouter/openai/gpt-4o,berry_consolidated,berry-1__tier1__openrouter_openai_gpt-4o__tier1_bash_only__ctx10__t1,600,79.32,false
realworld,berry-1,3,openrouter/openai/gpt-4o,berry_consolidated,berry-1__tier3__openrouter_openai_gpt-4o__tier3_gdb_only__ctx10__t1,600,18.41,false
realworld,berry-1,1,openrouter/google/gemini-2.5-flash,berry_consolidated,berry-1__tier1__openrouter_google_gemini-2.5-flash__tier1_bash_only__ctx10__t1,600,13.09,false
realworld,berry-1,1,openrouter/qwen/qwen3-30b-a3b-instruct-2507,berry_consolidated,berry-1__tier1__openrouter_qwen_qwen3-30b-a3b-instruct-2507__tier1_bash_only__ctx10__t1,600,48.19,false
realworld,berry-1,3,openrouter/qwen/qwen3-30b-a3b-instruct-2507,berry_consolidated,berry-1__tier3__openrouter_qwen_qwen3-30b-a3b-instruct-2507__tier3_gdb_only__ctx10__t1,600,57.70,false
realworld,berry-1,1,openrouter/nvidia/nemotron-3-nano-30b-a3b,berry_consolidated,berry-1__tier1__openrouter_nvidia_nemotron-3-nano-30b-a3b__tier1_bash_only__ctx10__t1,600,600.11,true
realworld,berry-1,3,openrouter/nvidia/nemotron-3-nano-30b-a3b,overnight-tier1-20260501_011643,berry-1__tier3__openrouter_nvidia_nemotron-3-nano-30b-a3b__tier3_gdb_only__ctx10__t1,600,225.88,false
realworld,berry-1,1,openrouter/meta-llama/llama-3.1-8b-instruct,berry_consolidated,berry-1__tier1__openrouter_meta-llama_llama-3.1-8b-instruct__tier1_bash_only__ctx10__t1,600,14.39,false
realworld,berry-1,3,openrouter/meta-llama/llama-3.1-8b-instruct,overnight-tier1-20260501_011643,berry-1__tier3__openrouter_meta-llama_llama-3.1-8b-instruct__tier3_gdb_only__ctx10__t1,600,16.61,false
realworld,berry-2,1,openrouter/openai/gpt-5.5,berry_consolidated,berry-2__tier1__openrouter_openai_gpt-5.5__tier1_bash_only__ctx10__t1,600,107.96,false
realworld,berry-2,1,openrouter/openai/gpt-4o,berry_consolidated,berry-2__tier1__openrouter_openai_gpt-4o__tier1_bash_only__ctx10__t1,600,25.08,false
realworld,berry-2,3,openrouter/openai/gpt-4o,berry_consolidated,berry-2__tier3__openrouter_openai_gpt-4o__tier3_gdb_only__ctx10__t1,600,18.32,false
realworld,berry-2,1,openrouter/google/gemini-2.5-flash,berry_consolidated,berry-2__tier1__openrouter_google_gemini-2.5-flash__tier1_bash_only__ctx10__t1,600,19.13,false
realworld,berry-2,3,openrouter/google/gemini-2.5-flash,berry_consolidated,berry-2__tier3__openrouter_google_gemini-2.5-flash__tier3_gdb_only__ctx10__t1,600,20.16,false
realworld,berry-2,1,openrouter/qwen/qwen3-30b-a3b-instruct-2507,berry_consolidated,berry-2__tier1__openrouter_qwen_qwen3-30b-a3b-instruct-2507__tier1_bash_only__ctx10__t1,600,439.92,false
realworld,berry-2,3,openrouter/qwen/qwen3-30b-a3b-instruct-2507,berry_consolidated,berry-2__tier3__openrouter_qwen_qwen3-30b-a3b-instruct-2507__tier3_gdb_only__ctx10__t1,600,172.92,false
realworld,berry-2,1,openrouter/nvidia/nemotron-3-nano-30b-a3b,berry_consolidated,berry-2__tier1__openrouter_nvidia_nemotron-3-nano-30b-a3b__tier1_bash_only__ctx10__t1,600,600.10,true
realworld,berry-2,1,openrouter/meta-llama/llama-3.1-8b-instruct,berry_consolidated,berry-2__tier1__openrouter_meta-llama_llama-3.1-8b-instruct__tier1_bash_only__ctx10__t1,600,16.36,false
realworld,berry-2,3,openrouter/meta-llama/llama-3.1-8b-instruct,berry_consolidated,berry-2__tier3__openrouter_meta-llama_llama-3.1-8b-instruct__tier3_gdb_only__ctx10__t1,600,10.92,false
realworld,berry-3,1,openrouter/openai/gpt-5.5,berry_consolidated,berry-3__tier1__openrouter_openai_gpt-5.5__tier1_bash_only__ctx10__t1,600,116.22,false
realworld,berry-3,1,openrouter/openai/gpt-4o,berry_consolidated,berry-3__tier1__openrouter_openai_gpt-4o__tier1_bash_only__ctx10__t1,600,44.09,false
realworld,berry-3,3,openrouter/openai/gpt-4o,berry_consolidated,berry-3__tier3__openrouter_openai_gpt-4o__tier3_gdb_only__ctx10__t1,600,18.57,false
realworld,berry-3,1,openrouter/google/gemini-2.5-flash,berry_consolidated,berry-3__tier1__openrouter_google_gemini-2.5-flash__tier1_bash_only__ctx10__t1,600,18.25,false
realworld,berry-3,3,openrouter/google/gemini-2.5-flash,berry_consolidated,berry-3__tier3__openrouter_google_gemini-2.5-flash__tier3_gdb_only__ctx10__t1,600,72.59,false
realworld,berry-3,1,openrouter/qwen/qwen3-30b-a3b-instruct-2507,berry_consolidated,berry-3__tier1__openrouter_qwen_qwen3-30b-a3b-instruct-2507__tier1_bash_only__ctx10__t1,600,235.02,false
realworld,berry-3,3,openrouter/qwen/qwen3-30b-a3b-instruct-2507,berry_consolidated,berry-3__tier3__openrouter_qwen_qwen3-30b-a3b-instruct-2507__tier3_gdb_only__ctx10__t1,600,136.70,false
realworld,berry-3,1,openrouter/nvidia/nemotron-3-nano-30b-a3b,berry_consolidated,berry-3__tier1__openrouter_nvidia_nemotron-3-nano-30b-a3b__tier1_bash_only__ctx10__t1,600,600.11,true
realworld,berry-3,1,openrouter/meta-llama/llama-3.1-8b-instruct,berry_consolidated,berry-3__tier1__openrouter_meta-llama_llama-3.1-8b-instruct__tier1_bash_only__ctx10__t1,600,22.05,false
realworld,berry-3,3,openrouter/meta-llama/llama-3.1-8b-instruct,berry_consolidated,berry-3__tier3__openrouter_meta-llama_llama-3.1-8b-instruct__tier3_gdb_only__ctx10__t1,600,7.20,false
realworld,berry-4,1,openrouter/openai/gpt-5.5,berry_consolidated,berry-4__tier1__openrouter_openai_gpt-5.5__tier1_bash_only__ctx10__t1,600,50.77,false
realworld,berry-4,3,openrouter/openai/gpt-5.5,berry_consolidated,berry-4__tier3__openrouter_openai_gpt-5.5__tier3_gdb_only__ctx10__t1,600,408.68,false
realworld,berry-4,1,openrouter/openai/gpt-4o,berry_consolidated,berry-4__tier1__openrouter_openai_gpt-4o__tier1_bash_only__ctx10__t1,600,24.14,false
realworld,berry-4,3,openrouter/openai/gpt-4o,berry_consolidated,berry-4__tier3__openrouter_openai_gpt-4o__tier3_gdb_only__ctx10__t1,600,12.02,false
realworld,berry-4,1,openrouter/google/gemini-2.5-flash,berry_consolidated,berry-4__tier1__openrouter_google_gemini-2.5-flash__tier1_bash_only__ctx10__t1,600,15.43,false
realworld,berry-4,3,openrouter/google/gemini-2.5-flash,berry_consolidated,berry-4__tier3__openrouter_google_gemini-2.5-flash__tier3_gdb_only__ctx10__t1,600,38.48,false
realworld,berry-4,1,openrouter/qwen/qwen3-30b-a3b-instruct-2507,berry_consolidated,berry-4__tier1__openrouter_qwen_qwen3-30b-a3b-instruct-2507__tier1_bash_only__ctx10__t1,600,99.41,false
realworld,berry-4,3,openrouter/qwen/qwen3-30b-a3b-instruct-2507,berry_consolidated,berry-4__tier3__openrouter_qwen_qwen3-30b-a3b-instruct-2507__tier3_gdb_only__ctx10__t1,600,138.26,false
realworld,berry-4,1,openrouter/meta-llama/llama-3.1-8b-instruct,berry_consolidated,berry-4__tier1__openrouter_meta-llama_llama-3.1-8b-instruct__tier1_bash_only__ctx10__t1,600,309.32,false
realworld,berry-4,3,openrouter/meta-llama/llama-3.1-8b-instruct,berry_consolidated,berry-4__tier3__openrouter_meta-llama_llama-3.1-8b-instruct__tier3_gdb_only__ctx10__t1,600,7.50,false
realworld,berry-5,1,openrouter/openai/gpt-5.5,berry_consolidated,berry-5__tier1__openrouter_openai_gpt-5.5__tier1_bash_only__ctx10__t1,600,99.26,false
realworld,berry-5,1,openrouter/openai/gpt-4o,berry_consolidated,berry-5__tier1__openrouter_openai_gpt-4o__tier1_bash_only__ctx10__t1,600,46.37,false
realworld,berry-5,3,openrouter/openai/gpt-4o,berry_consolidated,berry-5__tier3__openrouter_openai_gpt-4o__tier3_gdb_only__ctx10__t1,600,15.02,false
realworld,berry-5,1,openrouter/google/gemini-2.5-flash,berry_consolidated,berry-5__tier1__openrouter_google_gemini-2.5-flash__tier1_bash_only__ctx10__t1,600,31.86,false
realworld,berry-5,3,openrouter/google/gemini-2.5-flash,berry_consolidated,berry-5__tier3__openrouter_google_gemini-2.5-flash__tier3_gdb_only__ctx10__t1,600,22.47,false
realworld,berry-5,3,openrouter/qwen/qwen3-30b-a3b-instruct-2507,berry_consolidated,berry-5__tier3__openrouter_qwen_qwen3-30b-a3b-instruct-2507__tier3_gdb_only__ctx10__t1,600,88.01,false
realworld,berry-5,3,openrouter/nvidia/nemotron-3-nano-30b-a3b,berry_consolidated,berry-5__tier3__openrouter_nvidia_nemotron-3-nano-30b-a3b__tier3_gdb_only__ctx10__t1,600,151.41,false
realworld,berry-5,1,openrouter/meta-llama/llama-3.1-8b-instruct,berry_consolidated,berry-5__tier1__openrouter_meta-llama_llama-3.1-8b-instruct__tier1_bash_only__ctx10__t1,600,38.00,false
realworld,berry-5,3,openrouter/meta-llama/llama-3.1-8b-instruct,berry_consolidated,berry-5__tier3__openrouter_meta-llama_llama-3.1-8b-instruct__tier3_gdb_only__ctx10__t1,600,32.68,false
realworld,crashbench-abo1,1,openrouter/openai/gpt-5.5,native-smoke-t123-gpt55,crashbench-abo1__tier1__openrouter_openai_gpt-5.5__tier1_bash_only__ctx10__t1,600,37.05,false
realworld,crashbench-abo1,3,openrouter/openai/gpt-5.5,t3-native-smoke-gpt55-v3,crashbench-abo1__tier3__openrouter_openai_gpt-5.5__tier3_gdb_only__ctx10__t1,600,108.99,false
realworld,crashbench-abo1,1,openrouter/anthropic/claude-sonnet-4.5,external-native-ablation-20260504,crashbench-abo1__tier1__openrouter_anthropic_claude-sonnet-4.5__tier1_bash_only__ctx10__t1,300,45.96,false
realworld,crashbench-abo1,3,openrouter/anthropic/claude-sonnet-4.5,external-native-ablation-20260504-sonnet45,crashbench-abo1__tier3__openrouter_anthropic_claude-sonnet-4.5__tier3_gdb_only__ctx10__t1,300,40.41,false
realworld,crashbench-abo1,1,openrouter/google/gemini-3.1-flash-lite-preview,external-native-ablation-20260504,crashbench-abo1__tier1__openrouter_google_gemini-3.1-flash-lite-preview__tier1_bash_only__ctx10__t1,300,10.74,false
realworld,crashbench-abo1,3,openrouter/google/gemini-3.1-flash-lite-preview,external-native-t3-rerun-20260504-gemini31fl,crashbench-abo1__tier3__openrouter_google_gemini-3.1-flash-lite-preview__t3_unfenced_cmw__ctx10__t1,300,34.01,false
realworld,crashbench-abo1,1,openrouter/qwen/qwen3-30b-a3b-instruct-2507,external-native-ablation-20260504,crashbench-abo1__tier1__openrouter_qwen_qwen3-30b-a3b-instruct-2507__tier1_bash_only__ctx10__t1,300,158.35,false
realworld,crashbench-abo1,3,openrouter/qwen/qwen3-30b-a3b-instruct-2507,external-native-t3-rerun-20260504-qwen30,crashbench-abo1__tier3__openrouter_qwen_qwen3-30b-a3b-instruct-2507__t3_unfenced_cmw__ctx10__t1,300,48.09,false
realworld,crashbench-abo1,1,openrouter/nvidia/nemotron-3-nano-30b-a3b,external-native-ablation-20260504-nemotron30,crashbench-abo1__tier1__openrouter_nvidia_nemotron-3-nano-30b-a3b__tier1_bash_only__ctx10__t1,300,27.61,false
realworld,crashbench-abo1,3,openrouter/nvidia/nemotron-3-nano-30b-a3b,external-native-t3-rerun-20260504-nemotron30,crashbench-abo1__tier3__openrouter_nvidia_nemotron-3-nano-30b-a3b__t3_unfenced_cmw__ctx10__t1,300,33.84,false
realworld,crashbench-abo2,1,openrouter/openai/gpt-5.5,external-native-ablation-20260504-merged,crashbench-abo2__tier1__openrouter_openai_gpt-5.5__tier1_bash_only__ctx10__t1,300,51.14,false
realworld,crashbench-abo2,3,openrouter/openai/gpt-5.5,external-native-t3-rerun-20260504-gpt55,crashbench-abo2__tier3__openrouter_openai_gpt-5.5__t3_unfenced_cmw__ctx10__t1,300,115.07,false
realworld,crashbench-abo2,1,openrouter/anthropic/claude-sonnet-4.5,external-native-ablation-20260504-sonnet45,crashbench-abo2__tier1__openrouter_anthropic_claude-sonnet-4.5__tier1_bash_only__ctx10__t1,300,291.00,true
realworld,crashbench-abo2,3,openrouter/anthropic/claude-sonnet-4.5,external-native-ablation-20260504-sonnet45,crashbench-abo2__tier3__openrouter_anthropic_claude-sonnet-4.5__tier3_gdb_only__ctx10__t1,300,102.94,false
realworld,crashbench-abo2,1,openrouter/google/gemini-3.1-flash-lite-preview,external-native-ablation-20260504-merged,crashbench-abo2__tier1__openrouter_google_gemini-3.1-flash-lite-preview__tier1_bash_only__ctx10__t1,300,20.45,false
realworld,crashbench-abo2,3,openrouter/google/gemini-3.1-flash-lite-preview,external-native-ablation-20260504-merged,crashbench-abo2__tier3__openrouter_google_gemini-3.1-flash-lite-preview__tier3_gdb_only__ctx10__t1,300,27.66,false
realworld,crashbench-abo2,1,openrouter/qwen/qwen3-30b-a3b-instruct-2507,external-native-ablation-20260504-qwen30,crashbench-abo2__tier1__openrouter_qwen_qwen3-30b-a3b-instruct-2507__tier1_bash_only__ctx10__t1,300,17.55,false
realworld,crashbench-abo2,3,openrouter/qwen/qwen3-30b-a3b-instruct-2507,external-native-t3-rerun-20260504-qwen30,crashbench-abo2__tier3__openrouter_qwen_qwen3-30b-a3b-instruct-2507__t3_unfenced_cmw__ctx10__t1,300,38.08,false
realworld,crashbench-abo2,3,openrouter/nvidia/nemotron-3-nano-30b-a3b,external-native-t3-rerun-20260504-nemotron30,crashbench-abo2__tier3__openrouter_nvidia_nemotron-3-nano-30b-a3b__t3_unfenced_cmw__ctx10__t1,300,49.01,false
realworld,crashbench-abo3,3,openrouter/openai/gpt-5.5,external-native-ablation-20260504-merged,crashbench-abo3__tier3__openrouter_openai_gpt-5.5__tier3_gdb_only__ctx10__t1,300,74.50,false
realworld,crashbench-abo3,1,openrouter/anthropic/claude-sonnet-4.5,external-native-ablation-20260504-sonnet45,crashbench-abo3__tier1__openrouter_anthropic_claude-sonnet-4.5__tier1_bash_only__ctx10__t1,300,271.27,false
realworld,crashbench-abo3,3,openrouter/anthropic/claude-sonnet-4.5,external-native-t3-rerun-20260504-sonnet45,crashbench-abo3__tier3__openrouter_anthropic_claude-sonnet-4.5__t3_unfenced_cmw__ctx10__t1,300,206.69,false
realworld,crashbench-abo3,1,openrouter/google/gemini-3.1-flash-lite-preview,external-native-ablation-20260504-merged,crashbench-abo3__tier1__openrouter_google_gemini-3.1-flash-lite-preview__tier1_bash_only__ctx10__t1,300,12.10,false
realworld,crashbench-abo3,3,openrouter/google/gemini-3.1-flash-lite-preview,external-native-t3-rerun-20260504-gemini31fl,crashbench-abo3__tier3__openrouter_google_gemini-3.1-flash-lite-preview__t3_unfenced_cmw__ctx10__t1,300,63.87,false
realworld,crashbench-abo3,3,openrouter/qwen/qwen3-30b-a3b-instruct-2507,external-native-t3-rerun-20260504-qwen30,crashbench-abo3__tier3__openrouter_qwen_qwen3-30b-a3b-instruct-2507__t3_unfenced_cmw__ctx10__t1,300,27.84,false
realworld,crashbench-abo3,3,openrouter/nvidia/nemotron-3-nano-30b-a3b,external-native-t3-rerun-20260504-nemotron30,crashbench-abo3__tier3__openrouter_nvidia_nemotron-3-nano-30b-a3b__t3_unfenced_cmw__ctx10__t1,300,261.23,false
realworld,crashbench-abo5,1,openrouter/openai/gpt-5.5,external-native-ablation-20260504-merged,crashbench-abo5__tier1__openrouter_openai_gpt-5.5__tier1_bash_only__ctx10__t1,300,51.98,false
realworld,crashbench-abo5,3,openrouter/openai/gpt-5.5,external-native-t3-rerun-20260504-gpt55,crashbench-abo5__tier3__openrouter_openai_gpt-5.5__t3_unfenced_cmw__ctx10__t1,300,185.24,false
realworld,crashbench-abo5,1,openrouter/anthropic/claude-sonnet-4.5,external-native-ablation-20260504-sonnet45,crashbench-abo5__tier1__openrouter_anthropic_claude-sonnet-4.5__tier1_bash_only__ctx10__t1,300,77.94,false
realworld,crashbench-abo5,3,openrouter/anthropic/claude-sonnet-4.5,external-native-t3-rerun-20260504-sonnet45,crashbench-abo5__tier3__openrouter_anthropic_claude-sonnet-4.5__t3_unfenced_cmw__ctx10__t1,300,58.79,false
realworld,crashbench-abo5,1,openrouter/google/gemini-3.1-flash-lite-preview,external-native-ablation-20260504-merged,crashbench-abo5__tier1__openrouter_google_gemini-3.1-flash-lite-preview__tier1_bash_only__ctx10__t1,300,14.27,false
realworld,crashbench-abo5,3,openrouter/google/gemini-3.1-flash-lite-preview,external-native-t3-rerun-20260504-gemini31fl,crashbench-abo5__tier3__openrouter_google_gemini-3.1-flash-lite-preview__t3_unfenced_cmw__ctx10__t1,300,60.85,false
realworld,crashbench-abo5,3,openrouter/qwen/qwen3-30b-a3b-instruct-2507,external-native-t3-rerun-20260504-qwen30,crashbench-abo5__tier3__openrouter_qwen_qwen3-30b-a3b-instruct-2507__t3_unfenced_cmw__ctx10__t1,300,30.76,false
realworld,crashbench-abo5,3,openrouter/nvidia/nemotron-3-nano-30b-a3b,external-native-ablation-20260504-nemotron30,crashbench-abo5__tier3__openrouter_nvidia_nemotron-3-nano-30b-a3b__tier3_gdb_only__ctx10__t1,300,39.95,false
realworld,crashbench-abo7,1,openrouter/openai/gpt-5.5,external-native-ablation-20260504-merged,crashbench-abo7__tier1__openrouter_openai_gpt-5.5__tier1_bash_only__ctx10__t1,300,28.23,false
realworld,crashbench-abo7,3,openrouter/openai/gpt-5.5,external-native-t3-rerun-20260504-gpt55,crashbench-abo7__tier3__openrouter_openai_gpt-5.5__t3_unfenced_cmw__ctx10__t1,300,130.41,false
realworld,crashbench-abo7,1,openrouter/anthropic/claude-sonnet-4.5,external-native-ablation-20260504-sonnet45,crashbench-abo7__tier1__openrouter_anthropic_claude-sonnet-4.5__tier1_bash_only__ctx10__t1,300,39.06,false
realworld,crashbench-abo7,3,openrouter/anthropic/claude-sonnet-4.5,external-native-ablation-20260504-sonnet45,crashbench-abo7__tier3__openrouter_anthropic_claude-sonnet-4.5__tier3_gdb_only__ctx10__t1,300,156.43,false
realworld,crashbench-abo7,1,openrouter/google/gemini-3.1-flash-lite-preview,external-native-ablation-20260504-merged,crashbench-abo7__tier1__openrouter_google_gemini-3.1-flash-lite-preview__tier1_bash_only__ctx10__t1,300,13.33,false
realworld,crashbench-abo7,3,openrouter/google/gemini-3.1-flash-lite-preview,external-native-t3-rerun-20260504-gemini31fl,crashbench-abo7__tier3__openrouter_google_gemini-3.1-flash-lite-preview__t3_unfenced_cmw__ctx10__t1,300,23.75,false
realworld,crashbench-abo7,1,openrouter/qwen/qwen3-30b-a3b-instruct-2507,external-native-ablation-20260504-qwen30,crashbench-abo7__tier1__openrouter_qwen_qwen3-30b-a3b-instruct-2507__tier1_bash_only__ctx10__t1,300,16.66,false
realworld,crashbench-abo7,3,openrouter/qwen/qwen3-30b-a3b-instruct-2507,external-native-t3-rerun-20260504-qwen30,crashbench-abo7__tier3__openrouter_qwen_qwen3-30b-a3b-instruct-2507__t3_unfenced_cmw__ctx10__t1,300,25.52,false
realworld,crashbench-abo7,3,openrouter/nvidia/nemotron-3-nano-30b-a3b,external-native-ablation-20260504-nemotron30,crashbench-abo7__tier3__openrouter_nvidia_nemotron-3-nano-30b-a3b__tier3_gdb_only__ctx10__t1,300,184.82,false
realworld,crashbench-abo8,1,openrouter/openai/gpt-5.5,external-native-ablation-20260504-merged,crashbench-abo8__tier1__openrouter_openai_gpt-5.5__tier1_bash_only__ctx10__t1,300,60.27,false
realworld,crashbench-abo8,3,openrouter/openai/gpt-5.5,external-native-t3-rerun-20260504-gpt55,crashbench-abo8__tier3__openrouter_openai_gpt-5.5__t3_unfenced_cmw__ctx10__t1,300,145.98,false
realworld,crashbench-abo8,3,openrouter/anthropic/claude-sonnet-4.5,external-native-t3-rerun-20260504-sonnet45,crashbench-abo8__tier3__openrouter_anthropic_claude-sonnet-4.5__t3_unfenced_cmw__ctx10__t1,300,206.85,false
realworld,crashbench-abo8,1,openrouter/google/gemini-3.1-flash-lite-preview,external-native-ablation-20260504-merged,crashbench-abo8__tier1__openrouter_google_gemini-3.1-flash-lite-preview__tier1_bash_only__ctx10__t1,300,10.85,false
realworld,crashbench-abo8,3,openrouter/google/gemini-3.1-flash-lite-preview,external-native-t3-rerun-20260504-gemini31fl,crashbench-abo8__tier3__openrouter_google_gemini-3.1-flash-lite-preview__t3_unfenced_cmw__ctx10__t1,300,23.02,false
realworld,crashbench-abo8,1,openrouter/qwen/qwen3-30b-a3b-instruct-2507,external-native-ablation-20260504-qwen30,crashbench-abo8__tier1__openrouter_qwen_qwen3-30b-a3b-instruct-2507__tier1_bash_only__ctx10__t1,300,12.87,false
realworld,crashbench-abo8,3,openrouter/qwen/qwen3-30b-a3b-instruct-2507,external-native-t3-rerun-20260504-qwen30,crashbench-abo8__tier3__openrouter_qwen_qwen3-30b-a3b-instruct-2507__t3_unfenced_cmw__ctx10__t1,300,20.84,false
realworld,crashbench-abo8,1,openrouter/nvidia/nemotron-3-nano-30b-a3b,external-native-ablation-20260504-nemotron30,crashbench-abo8__tier1__openrouter_nvidia_nemotron-3-nano-30b-a3b__tier1_bash_only__ctx10__t1,300,11.83,false
realworld,crashbench-abo8,3,openrouter/nvidia/nemotron-3-nano-30b-a3b,external-native-t3-rerun-20260504-nemotron30,crashbench-abo8__tier3__openrouter_nvidia_nemotron-3-nano-30b-a3b__t3_unfenced_cmw__ctx10__t1,300,89.10,false
realworld,juliet-cwe121-char-type-overrun-memcpy-01,1,openrouter/openai/gpt-5.5,external-native-ablation-20260504-merged,juliet-cwe121-char-type-overrun-memcpy-01__tier1__openrouter_openai_gpt-5.5__tier1_bash_only__ctx10__t1,300,28.72,false
realworld,juliet-cwe121-char-type-overrun-memcpy-01,3,openrouter/openai/gpt-5.5,external-native-t3-rerun-20260504-gpt55,juliet-cwe121-char-type-overrun-memcpy-01__tier3__openrouter_openai_gpt-5.5__t3_unfenced_cmw__ctx10__t1,300,61.63,false
realworld,juliet-cwe121-char-type-overrun-memcpy-01,1,openrouter/anthropic/claude-sonnet-4.5,external-native-ablation-20260504-sonnet45,juliet-cwe121-char-type-overrun-memcpy-01__tier1__openrouter_anthropic_claude-sonnet-4.5__tier1_bash_only__ctx10__t1,300,46.33,false
realworld,juliet-cwe121-char-type-overrun-memcpy-01,3,openrouter/anthropic/claude-sonnet-4.5,external-native-t3-rerun-20260504-sonnet45,juliet-cwe121-char-type-overrun-memcpy-01__tier3__openrouter_anthropic_claude-sonnet-4.5__t3_unfenced_cmw__ctx10__t1,300,30.50,false
realworld,juliet-cwe121-char-type-overrun-memcpy-01,1,openrouter/google/gemini-3.1-flash-lite-preview,external-native-ablation-20260504-merged,juliet-cwe121-char-type-overrun-memcpy-01__tier1__openrouter_google_gemini-3.1-flash-lite-preview__tier1_bash_only__ctx10__t1,300,13.21,false
realworld,juliet-cwe121-char-type-overrun-memcpy-01,3,openrouter/google/gemini-3.1-flash-lite-preview,external-native-t3-rerun-20260504-gemini31fl,juliet-cwe121-char-type-overrun-memcpy-01__tier3__openrouter_google_gemini-3.1-flash-lite-preview__t3_unfenced_cmw__ctx10__t1,300,28.08,false
realworld,juliet-cwe121-char-type-overrun-memcpy-01,1,openrouter/qwen/qwen3-30b-a3b-instruct-2507,external-native-ablation-20260504-qwen30,juliet-cwe121-char-type-overrun-memcpy-01__tier1__openrouter_qwen_qwen3-30b-a3b-instruct-2507__tier1_bash_only__ctx10__t1,300,23.51,false
realworld,juliet-cwe121-char-type-overrun-memcpy-01,3,openrouter/qwen/qwen3-30b-a3b-instruct-2507,external-native-t3-rerun-20260504-qwen30,juliet-cwe121-char-type-overrun-memcpy-01__tier3__openrouter_qwen_qwen3-30b-a3b-instruct-2507__t3_unfenced_cmw__ctx10__t1,300,22.81,false
realworld,juliet-cwe121-char-type-overrun-memcpy-01,1,openrouter/nvidia/nemotron-3-nano-30b-a3b,external-native-ablation-20260504-nemotron30,juliet-cwe121-char-type-overrun-memcpy-01__tier1__openrouter_nvidia_nemotron-3-nano-30b-a3b__tier1_bash_only__ctx10__t1,300,23.30,false
realworld,juliet-cwe121-char-type-overrun-memcpy-01,3,openrouter/nvidia/nemotron-3-nano-30b-a3b,external-native-t3-rerun-20260504-nemotron30,juliet-cwe121-char-type-overrun-memcpy-01__tier3__openrouter_nvidia_nemotron-3-nano-30b-a3b__t3_unfenced_cmw__ctx10__t1,300,118.43,false
realworld,juliet-cwe122-char-type-overrun-memcpy-01,1,openrouter/openai/gpt-5.5,external-native-ablation-20260504-merged,juliet-cwe122-char-type-overrun-memcpy-01__tier1__openrouter_openai_gpt-5.5__tier1_bash_only__ctx10__t1,300,266.89,false
realworld,juliet-cwe122-char-type-overrun-memcpy-01,3,openrouter/openai/gpt-5.5,external-native-t3-rerun-20260504-gpt55,juliet-cwe122-char-type-overrun-memcpy-01__tier3__openrouter_openai_gpt-5.5__t3_unfenced_cmw__ctx10__t1,300,69.24,false
realworld,juliet-cwe122-char-type-overrun-memcpy-01,1,openrouter/anthropic/claude-sonnet-4.5,external-native-ablation-20260504-sonnet45,juliet-cwe122-char-type-overrun-memcpy-01__tier1__openrouter_anthropic_claude-sonnet-4.5__tier1_bash_only__ctx10__t1,300,50.63,false
realworld,juliet-cwe122-char-type-overrun-memcpy-01,3,openrouter/anthropic/claude-sonnet-4.5,external-native-t3-rerun-20260504-sonnet45,juliet-cwe122-char-type-overrun-memcpy-01__tier3__openrouter_anthropic_claude-sonnet-4.5__t3_unfenced_cmw__ctx10__t1,300,132.40,false
realworld,juliet-cwe122-char-type-overrun-memcpy-01,1,openrouter/google/gemini-3.1-flash-lite-preview,external-native-ablation-20260504-merged,juliet-cwe122-char-type-overrun-memcpy-01__tier1__openrouter_google_gemini-3.1-flash-lite-preview__tier1_bash_only__ctx10__t1,300,12.02,false
realworld,juliet-cwe122-char-type-overrun-memcpy-01,3,openrouter/google/gemini-3.1-flash-lite-preview,external-native-t3-rerun-20260504-gemini31fl,juliet-cwe122-char-type-overrun-memcpy-01__tier3__openrouter_google_gemini-3.1-flash-lite-preview__t3_unfenced_cmw__ctx10__t1,300,45.62,false
realworld,juliet-cwe122-char-type-overrun-memcpy-01,1,openrouter/qwen/qwen3-30b-a3b-instruct-2507,external-native-ablation-20260504-qwen30,juliet-cwe122-char-type-overrun-memcpy-01__tier1__openrouter_qwen_qwen3-30b-a3b-instruct-2507__tier1_bash_only__ctx10__t1,300,15.71,false
realworld,juliet-cwe122-char-type-overrun-memcpy-01,3,openrouter/qwen/qwen3-30b-a3b-instruct-2507,external-native-ablation-20260504-qwen30,juliet-cwe122-char-type-overrun-memcpy-01__tier3__openrouter_qwen_qwen3-30b-a3b-instruct-2507__tier3_gdb_only__ctx10__t1,300,119.15,false
realworld,juliet-cwe122-char-type-overrun-memcpy-01,1,openrouter/nvidia/nemotron-3-nano-30b-a3b,external-native-ablation-20260504-nemotron30,juliet-cwe122-char-type-overrun-memcpy-01__tier1__openrouter_nvidia_nemotron-3-nano-30b-a3b__tier1_bash_only__ctx10__t1,300,13.72,false
realworld,juliet-cwe122-char-type-overrun-memcpy-01,3,openrouter/nvidia/nemotron-3-nano-30b-a3b,external-native-t3-rerun-20260504-nemotron30,juliet-cwe122-char-type-overrun-memcpy-01__tier3__openrouter_nvidia_nemotron-3-nano-30b-a3b__t3_unfenced_cmw__ctx10__t1,300,48.30,false
realworld,juliet-cwe126-char-alloca-loop-01,1,openrouter/openai/gpt-5.5,external-native-ablation-20260504-merged,juliet-cwe126-char-alloca-loop-01__tier1__openrouter_openai_gpt-5.5__tier1_bash_only__ctx10__t1,300,30.77,false
realworld,juliet-cwe126-char-alloca-loop-01,3,openrouter/openai/gpt-5.5,external-native-t3-rerun-20260504-gpt55,juliet-cwe126-char-alloca-loop-01__tier3__openrouter_openai_gpt-5.5__t3_unfenced_cmw__ctx10__t1,300,167.80,false
realworld,juliet-cwe126-char-alloca-loop-01,1,openrouter/anthropic/claude-sonnet-4.5,external-native-ablation-20260504-sonnet45,juliet-cwe126-char-alloca-loop-01__tier1__openrouter_anthropic_claude-sonnet-4.5__tier1_bash_only__ctx10__t1,300,252.48,false
realworld,juliet-cwe126-char-alloca-loop-01,3,openrouter/anthropic/claude-sonnet-4.5,external-native-t3-rerun-20260504-sonnet45,juliet-cwe126-char-alloca-loop-01__tier3__openrouter_anthropic_claude-sonnet-4.5__t3_unfenced_cmw__ctx10__t1,300,222.06,false
realworld,juliet-cwe126-char-alloca-loop-01,1,openrouter/google/gemini-3.1-flash-lite-preview,external-native-ablation-20260504-merged,juliet-cwe126-char-alloca-loop-01__tier1__openrouter_google_gemini-3.1-flash-lite-preview__tier1_bash_only__ctx10__t1,300,239.27,false
realworld,juliet-cwe126-char-alloca-loop-01,3,openrouter/google/gemini-3.1-flash-lite-preview,external-native-t3-rerun-20260504-gemini31fl,juliet-cwe126-char-alloca-loop-01__tier3__openrouter_google_gemini-3.1-flash-lite-preview__t3_unfenced_cmw__ctx10__t1,300,56.22,false
realworld,juliet-cwe126-char-alloca-loop-01,1,openrouter/qwen/qwen3-30b-a3b-instruct-2507,external-native-ablation-20260504-qwen30,juliet-cwe126-char-alloca-loop-01__tier1__openrouter_qwen_qwen3-30b-a3b-instruct-2507__tier1_bash_only__ctx10__t1,300,25.71,false
realworld,juliet-cwe126-char-alloca-loop-01,3,openrouter/qwen/qwen3-30b-a3b-instruct-2507,external-native-t3-rerun-20260504-qwen30,juliet-cwe126-char-alloca-loop-01__tier3__openrouter_qwen_qwen3-30b-a3b-instruct-2507__t3_unfenced_cmw__ctx10__t1,300,68.45,false
realworld,juliet-cwe126-char-alloca-loop-01,1,openrouter/nvidia/nemotron-3-nano-30b-a3b,external-native-ablation-20260504-nemotron30,juliet-cwe126-char-alloca-loop-01__tier1__openrouter_nvidia_nemotron-3-nano-30b-a3b__tier1_bash_only__ctx10__t1,300,9.27,false
realworld,juliet-cwe126-char-alloca-loop-01,3,openrouter/nvidia/nemotron-3-nano-30b-a3b,external-native-t3-rerun-20260504-nemotron30,juliet-cwe126-char-alloca-loop-01__tier3__openrouter_nvidia_nemotron-3-nano-30b-a3b__t3_unfenced_cmw__ctx10__t1,300,165.12,false
realworld,juliet-cwe415-malloc-free-char-01,1,openrouter/openai/gpt-5.5,external-native-ablation-20260504-merged,juliet-cwe415-malloc-free-char-01__tier1__openrouter_openai_gpt-5.5__tier1_bash_only__ctx10__t1,300,26.10,false
realworld,juliet-cwe415-malloc-free-char-01,3,openrouter/openai/gpt-5.5,external-native-t3-rerun-20260504-gpt55,juliet-cwe415-malloc-free-char-01__tier3__openrouter_openai_gpt-5.5__t3_unfenced_cmw__ctx10__t1,300,117.06,false
realworld,juliet-cwe415-malloc-free-char-01,1,openrouter/anthropic/claude-sonnet-4.5,external-native-ablation-20260504-sonnet45,juliet-cwe415-malloc-free-char-01__tier1__openrouter_anthropic_claude-sonnet-4.5__tier1_bash_only__ctx10__t1,300,252.28,false
realworld,juliet-cwe415-malloc-free-char-01,3,openrouter/anthropic/claude-sonnet-4.5,external-native-ablation-20260504-sonnet45,juliet-cwe415-malloc-free-char-01__tier3__openrouter_anthropic_claude-sonnet-4.5__tier3_gdb_only__ctx10__t1,300,5.15,false
realworld,juliet-cwe415-malloc-free-char-01,1,openrouter/google/gemini-3.1-flash-lite-preview,external-native-ablation-20260504-merged,juliet-cwe415-malloc-free-char-01__tier1__openrouter_google_gemini-3.1-flash-lite-preview__tier1_bash_only__ctx10__t1,300,10.47,false
realworld,juliet-cwe415-malloc-free-char-01,3,openrouter/google/gemini-3.1-flash-lite-preview,external-native-t3-rerun-20260504-gemini31fl,juliet-cwe415-malloc-free-char-01__tier3__openrouter_google_gemini-3.1-flash-lite-preview__t3_unfenced_cmw__ctx10__t1,300,35.32,false
realworld,juliet-cwe415-malloc-free-char-01,3,openrouter/qwen/qwen3-30b-a3b-instruct-2507,external-native-ablation-20260504-qwen30,juliet-cwe415-malloc-free-char-01__tier3__openrouter_qwen_qwen3-30b-a3b-instruct-2507__tier3_gdb_only__ctx10__t1,300,7.68,false
realworld,juliet-cwe415-malloc-free-char-01,1,openrouter/nvidia/nemotron-3-nano-30b-a3b,external-native-ablation-20260504-nemotron30,juliet-cwe415-malloc-free-char-01__tier1__openrouter_nvidia_nemotron-3-nano-30b-a3b__tier1_bash_only__ctx10__t1,300,12.88,false
realworld,juliet-cwe415-malloc-free-char-01,3,openrouter/nvidia/nemotron-3-nano-30b-a3b,external-native-t3-rerun-20260504-nemotron30,juliet-cwe415-malloc-free-char-01__tier3__openrouter_nvidia_nemotron-3-nano-30b-a3b__t3_unfenced_cmw__ctx10__t1,300,43.20,false
realworld,juliet-cwe416-malloc-free-char-01,1,openrouter/openai/gpt-5.5,external-native-ablation-20260504-merged,juliet-cwe416-malloc-free-char-01__tier1__openrouter_openai_gpt-5.5__tier1_bash_only__ctx10__t1,300,29.13,false
realworld,juliet-cwe416-malloc-free-char-01,3,openrouter/openai/gpt-5.5,external-native-t3-rerun-20260504-gpt55,juliet-cwe416-malloc-free-char-01__tier3__openrouter_openai_gpt-5.5__t3_unfenced_cmw__ctx10__t1,300,111.41,false
realworld,juliet-cwe416-malloc-free-char-01,1,openrouter/anthropic/claude-sonnet-4.5,external-native-ablation-20260504-sonnet45,juliet-cwe416-malloc-free-char-01__tier1__openrouter_anthropic_claude-sonnet-4.5__tier1_bash_only__ctx10__t1,300,252.51,false
realworld,juliet-cwe416-malloc-free-char-01,3,openrouter/anthropic/claude-sonnet-4.5,external-native-t3-rerun-20260504-sonnet45,juliet-cwe416-malloc-free-char-01__tier3__openrouter_anthropic_claude-sonnet-4.5__t3_unfenced_cmw__ctx10__t1,300,154.55,false
realworld,juliet-cwe416-malloc-free-char-01,1,openrouter/google/gemini-3.1-flash-lite-preview,external-native-ablation-20260504-merged,juliet-cwe416-malloc-free-char-01__tier1__openrouter_google_gemini-3.1-flash-lite-preview__tier1_bash_only__ctx10__t1,300,9.92,false
realworld,juliet-cwe416-malloc-free-char-01,3,openrouter/google/gemini-3.1-flash-lite-preview,external-native-t3-rerun-20260504-gemini31fl,juliet-cwe416-malloc-free-char-01__tier3__openrouter_google_gemini-3.1-flash-lite-preview__t3_unfenced_cmw__ctx10__t1,300,40.65,false
realworld,juliet-cwe416-malloc-free-char-01,1,openrouter/qwen/qwen3-30b-a3b-instruct-2507,external-native-ablation-20260504-qwen30,juliet-cwe416-malloc-free-char-01__tier1__openrouter_qwen_qwen3-30b-a3b-instruct-2507__tier1_bash_only__ctx10__t1,300,137.88,false
realworld,juliet-cwe416-malloc-free-char-01,3,openrouter/qwen/qwen3-30b-a3b-instruct-2507,external-native-t3-rerun-20260504-qwen30,juliet-cwe416-malloc-free-char-01__tier3__openrouter_qwen_qwen3-30b-a3b-instruct-2507__t3_unfenced_cmw__ctx10__t1,300,14.13,false
realworld,juliet-cwe416-malloc-free-char-01,1,openrouter/nvidia/nemotron-3-nano-30b-a3b,external-native-ablation-20260504-nemotron30,juliet-cwe416-malloc-free-char-01__tier1__openrouter_nvidia_nemotron-3-nano-30b-a3b__tier1_bash_only__ctx10__t1,300,13.26,false
realworld,juliet-cwe416-malloc-free-char-01,3,openrouter/nvidia/nemotron-3-nano-30b-a3b,external-native-t3-rerun-20260504-nemotron30,juliet-cwe416-malloc-free-char-01__tier3__openrouter_nvidia_nemotron-3-nano-30b-a3b__t3_unfenced_cmw__ctx10__t1,300,62.36,false
realworld,man-overflow,1,openrouter/openai/gpt-4o,bugbench-t1,man-overflow__tier1__openrouter_openai_gpt-4o__tier1_bash_only__ctx10__t1,240,98.39,false
realworld,man-overflow,1,openrouter/qwen/qwen3-30b-a3b-instruct-2507,bugbench-t1,man-overflow__tier1__openrouter_qwen_qwen3-30b-a3b-instruct-2507__tier1_bash_only__ctx10__t1,240,13.09,false
realworld,ncompress-overflow,3,openrouter/openai/gpt-4o,bugbench-t3,ncompress-overflow__tier3__openrouter_openai_gpt-4o__tier3_gdb_only__ctx10__t1,240,25.27,false
realworld,ncompress-overflow,3,openrouter/qwen/qwen3-30b-a3b-instruct-2507,bugbench-t3,ncompress-overflow__tier3__openrouter_qwen_qwen3-30b-a3b-instruct-2507__tier3_gdb_only__ctx10__t1,240,227.75,false
realworld,ncompress-overflow,3,openrouter/nvidia/nemotron-3-nano-30b-a3b,bugbench-t3,ncompress-overflow__tier3__openrouter_nvidia_nemotron-3-nano-30b-a3b__tier3_gdb_only__ctx10__t1,240,71.96,false
realworld,ncompress-overflow,3,openrouter/meta-llama/llama-3.1-8b-instruct,bugbench-t3,ncompress-overflow__tier3__openrouter_meta-llama_llama-3.1-8b-instruct__tier3_gdb_only__ctx10__t1,240,5.90,false
realworld,polymorph-overflow,1,openrouter/openai/gpt-4o,bugbench-t1,polymorph-overflow__tier1__openrouter_openai_gpt-4o__tier1_bash_only__ctx10__t1,240,21.50,false
realworld,polymorph-overflow,1,openrouter/qwen/qwen3-30b-a3b-instruct-2507,bugbench-t1,polymorph-overflow__tier1__openrouter_qwen_qwen3-30b-a3b-instruct-2507__tier1_bash_only__ctx10__t1,240,181.96,false
