run_id,case_id,model,tool_config,context_lines,tier,trial,status,elapsed_s,exit_code,root_cause,local_fix,global_fix,judge_status,judge_model,mut_input_tokens,mut_output_tokens,num_tool_calls,tool_frequency_json,total_code_length
crashbench-abo1__tier1__openrouter_anthropic_claude-sonnet-4.5__tier1_bash_only__ctx10__t1,crashbench-abo1,openrouter/anthropic/claude-sonnet-4.5,tier1_bash_only.json,10,1,1,ok,48.093,0,1,0,1,ok,openrouter/openai/gpt-5,24207,1830,7,"{""ls"": 1, ""cat"": 2, ""prog"": 1, ""gdb"": 1, ""echo"": 2}",0
crashbench-abo1__tier1__openrouter_google_gemini-3.1-flash-lite-preview__tier1_bash_only__ctx10__t1,crashbench-abo1,openrouter/google/gemini-3.1-flash-lite-preview,tier1_bash_only.json,10,1,1,ok,31.109,0,1,0,1,ok,openrouter/openai/gpt-5,4155,336,2,"{""ls"": 1, ""echo"": 1}",0
crashbench-abo1__tier1__openrouter_nvidia_nemotron-3-nano-30b-a3b__tier1_bash_only__ctx10__t1,crashbench-abo1,openrouter/nvidia/nemotron-3-nano-30b-a3b,tier1_bash_only.json,10,1,1,ok,27.606,0,0,0,0,ok,openrouter/openai/gpt-5,891,1500,1,"{""echo"": 1}",0
crashbench-abo1__tier1__openrouter_openai_gpt-5.5__tier1_bash_only__ctx10__t1,crashbench-abo1,openrouter/openai/gpt-5.5,tier1_bash_only.json,10,1,1,ok,48.186,0,1,1,1,ok,openrouter/openai/gpt-5,8039,1762,5,"{""ls"": 1, ""prog"": 1, ""python3"": 1, ""echo"": 2}",0
crashbench-abo1__tier1__openrouter_qwen_qwen3-30b-a3b-instruct-2507__tier1_bash_only__ctx10__t1,crashbench-abo1,openrouter/qwen/qwen3-30b-a3b-instruct-2507,tier1_bash_only.json,10,1,1,ok,23.583,0,1,0,1,ok,openrouter/openai/gpt-5,10665,676,5,"{""ls"": 1, ""cat"": 1, ""prog"": 1, ""gdb"": 1, ""echo"": 1}",0
crashbench-abo1__tier2__openrouter_anthropic_claude-sonnet-4.5__tier2_gdb_plus_bash__ctx10__t1,crashbench-abo1,openrouter/anthropic/claude-sonnet-4.5,tier2_gdb_plus_bash.json,10,2,1,ok,35.036,0,1,0,1,ok,openrouter/openai/gpt-5,21709,1137,6,"{""nl"": 1, ""run"": 1, ""echo"": 2, ""cat"": 1, ""grep"": 1}",0
crashbench-abo1__tier2__openrouter_google_gemini-3.1-flash-lite-preview__tier2_gdb_plus_bash__ctx10__t1,crashbench-abo1,openrouter/google/gemini-3.1-flash-lite-preview,tier2_gdb_plus_bash.json,10,2,1,ok,11.107,0,0,0,0,no_prose_synthesis,openrouter/openai/gpt-5,5837,98,3,"{""nl"": 1, ""run"": 1, ""echo"": 1}",0
crashbench-abo1__tier2__openrouter_nvidia_nemotron-3-nano-30b-a3b__tier2_gdb_plus_bash__ctx10__t1,crashbench-abo1,openrouter/nvidia/nemotron-3-nano-30b-a3b,tier2_gdb_plus_bash.json,10,2,1,timeout,294.646,-1,0,0,0,ok,openrouter/openai/gpt-5,0,0,0,{},0
crashbench-abo1__tier2__openrouter_openai_gpt-5.5__tier2_gdb_plus_bash__ctx10__t1,crashbench-abo1,openrouter/openai/gpt-5.5,tier2_gdb_plus_bash.json,10,2,1,ok,44.233,0,1,1,1,ok,openrouter/openai/gpt-5,13329,1343,5,"{""nl"": 1, ""run"": 1, ""break"": 1, ""print"": 1, ""echo"": 1}",0
crashbench-abo1__tier2__openrouter_qwen_qwen3-30b-a3b-instruct-2507__tier2_gdb_plus_bash__ctx10__t1,crashbench-abo1,openrouter/qwen/qwen3-30b-a3b-instruct-2507,tier2_gdb_plus_bash.json,10,2,1,ok,30.223,0,1,0,1,ok,openrouter/openai/gpt-5,16321,1004,5,"{""nl"": 1, ""run"": 2, ""frame"": 1, ""echo"": 1}",0
crashbench-abo1__tier3__openrouter_anthropic_claude-sonnet-4.5__t3_unfenced_cmw__ctx10__t1,crashbench-abo1,openrouter/anthropic/claude-sonnet-4.5,t3_unfenced_cmw.json,10,3,1,timeout,299.302,-1,0,0,0,ok,openrouter/openai/gpt-5,0,0,0,{},0
crashbench-abo1__tier3__openrouter_google_gemini-3.1-flash-lite-preview__t3_unfenced_cmw__ctx10__t1,crashbench-abo1,openrouter/google/gemini-3.1-flash-lite-preview,t3_unfenced_cmw.json,10,3,1,ok,34.01,0,1,0,1,ok,openrouter/openai/gpt-5,4032,623,16,"{""run"": 3, ""break"": 4, ""code"": 1, ""print"": 2, ""step"": 2, ""#"": 2, ""info"": 1, ""next"": 1}",194
crashbench-abo1__tier3__openrouter_nvidia_nemotron-3-nano-30b-a3b__t3_unfenced_cmw__ctx10__t1,crashbench-abo1,openrouter/nvidia/nemotron-3-nano-30b-a3b,t3_unfenced_cmw.json,10,3,1,ok,33.841,0,1,0,1,ok,openrouter/openai/gpt-5,1666,1615,2,"{""code"": 1, ""list"": 1}",201
crashbench-abo1__tier3__openrouter_openai_gpt-5.5__t3_unfenced_cmw__ctx10__t1,crashbench-abo1,openrouter/openai/gpt-5.5,t3_unfenced_cmw.json,10,3,1,ok,54.956,0,0,0,0,no_prose_synthesis,openrouter/openai/gpt-5,0,0,1,"{""bt"": 1}",0
crashbench-abo1__tier3__openrouter_qwen_qwen3-30b-a3b-instruct-2507__t3_unfenced_cmw__ctx10__t1,crashbench-abo1,openrouter/qwen/qwen3-30b-a3b-instruct-2507,t3_unfenced_cmw.json,10,3,1,ok,48.095,0,0,0,1,ok,openrouter/openai/gpt-5,2649,815,13,"{""info"": 1, ""where"": 1, ""print"": 1, ""set"": 5, ""code"": 5}",313
crashbench-abo1__tier4__haiku__tier4_claude_code__ctx10__t1,crashbench-abo1,haiku,tier4_claude_code.json,10,4,1,missing_dep,0.0,-1,,,,,,0,0,0,,0
crashbench-abo1__tier4__sonnet__tier4_claude_code__ctx10__t1,crashbench-abo1,sonnet,tier4_claude_code.json,10,4,1,missing_dep,0.0,-1,,,,,,0,0,0,,0
crashbench-abo2__tier1__openrouter_anthropic_claude-sonnet-4.5__tier1_bash_only__ctx10__t1,crashbench-abo2,openrouter/anthropic/claude-sonnet-4.5,tier1_bash_only.json,10,1,1,ok,290.996,0,1,0,1,ok,openrouter/openai/gpt-5,25921,1824,7,"{""ls"": 1, ""cat"": 2, ""prog"": 1, ""gdb"": 1, ""echo"": 2}",0
crashbench-abo2__tier1__openrouter_google_gemini-3.1-flash-lite-preview__tier1_bash_only__ctx10__t1,crashbench-abo2,openrouter/google/gemini-3.1-flash-lite-preview,tier1_bash_only.json,10,1,1,ok,20.448,0,0,0,1,ok,openrouter/openai/gpt-5,3669,327,2,"{""ls"": 1, ""echo"": 1}",0
crashbench-abo2__tier1__openrouter_nvidia_nemotron-3-nano-30b-a3b__tier1_bash_only__ctx10__t1,crashbench-abo2,openrouter/nvidia/nemotron-3-nano-30b-a3b,tier1_bash_only.json,10,1,1,timeout,294.198,-1,0,0,0,ok,openrouter/openai/gpt-5,0,0,0,{},0
crashbench-abo2__tier1__openrouter_openai_gpt-5.5__tier1_bash_only__ctx10__t1,crashbench-abo2,openrouter/openai/gpt-5.5,tier1_bash_only.json,10,1,1,ok,51.136,0,1,1,1,ok,openrouter/openai/gpt-5,8163,1486,3,"{""printf"": 2, ""echo"": 1}",0
crashbench-abo2__tier1__openrouter_qwen_qwen3-30b-a3b-instruct-2507__tier1_bash_only__ctx10__t1,crashbench-abo2,openrouter/qwen/qwen3-30b-a3b-instruct-2507,tier1_bash_only.json,10,1,1,ok,17.548,0,1,0,1,ok,openrouter/openai/gpt-5,10752,747,5,"{""ls"": 1, ""cat"": 1, ""prog"": 1, ""gdb"": 1, ""echo"": 1}",0
crashbench-abo2__tier2__openrouter_anthropic_claude-sonnet-4.5__tier2_gdb_plus_bash__ctx10__t1,crashbench-abo2,openrouter/anthropic/claude-sonnet-4.5,tier2_gdb_plus_bash.json,10,2,1,ok,65.328,0,1,0,1,ok,openrouter/openai/gpt-5,33207,1585,8,"{""nl"": 1, ""run"": 1, ""echo"": 2, ""cat"": 2, ""gcc"": 1, ""grep"": 1}",0
crashbench-abo2__tier2__openrouter_google_gemini-3.1-flash-lite-preview__tier2_gdb_plus_bash__ctx10__t1,crashbench-abo2,openrouter/google/gemini-3.1-flash-lite-preview,tier2_gdb_plus_bash.json,10,2,1,ok,11.138,0,0,0,0,no_prose_synthesis,openrouter/openai/gpt-5,5917,98,3,"{""nl"": 1, ""run"": 1, ""echo"": 1}",0
crashbench-abo2__tier2__openrouter_nvidia_nemotron-3-nano-30b-a3b__tier2_gdb_plus_bash__ctx10__t1,crashbench-abo2,openrouter/nvidia/nemotron-3-nano-30b-a3b,tier2_gdb_plus_bash.json,10,2,1,timeout,294.339,-1,0,0,0,ok,openrouter/openai/gpt-5,0,0,0,{},0
crashbench-abo2__tier2__openrouter_openai_gpt-5.5__tier2_gdb_plus_bash__ctx10__t1,crashbench-abo2,openrouter/openai/gpt-5.5,tier2_gdb_plus_bash.json,10,2,1,ok,66.219,0,1,0,1,ok,openrouter/openai/gpt-5,11507,1012,5,"{""nl"": 1, ""run"": 1, ""break"": 1, ""bt"": 1, ""echo"": 1}",0
crashbench-abo2__tier2__openrouter_qwen_qwen3-30b-a3b-instruct-2507__tier2_gdb_plus_bash__ctx10__t1,crashbench-abo2,openrouter/qwen/qwen3-30b-a3b-instruct-2507,tier2_gdb_plus_bash.json,10,2,1,ok,139.985,0,1,0,1,ok,openrouter/openai/gpt-5,10266,793,4,"{""nl"": 1, ""run"": 1, ""frame"": 1, ""echo"": 1}",0
crashbench-abo2__tier3__openrouter_anthropic_claude-sonnet-4.5__t3_unfenced_cmw__ctx10__t1,crashbench-abo2,openrouter/anthropic/claude-sonnet-4.5,t3_unfenced_cmw.json,10,3,1,timeout,298.971,-1,0,0,0,ok,openrouter/openai/gpt-5,0,0,0,{},0
crashbench-abo2__tier3__openrouter_google_gemini-3.1-flash-lite-preview__t3_unfenced_cmw__ctx10__t1,crashbench-abo2,openrouter/google/gemini-3.1-flash-lite-preview,t3_unfenced_cmw.json,10,3,1,no_collect,66.6,0,0,0,0,ok,openrouter/openai/gpt-5,0,0,0,{},0
crashbench-abo2__tier3__openrouter_nvidia_nemotron-3-nano-30b-a3b__t3_unfenced_cmw__ctx10__t1,crashbench-abo2,openrouter/nvidia/nemotron-3-nano-30b-a3b,t3_unfenced_cmw.json,10,3,1,ok,49.008,0,0,0,1,ok,openrouter/openai/gpt-5,1732,1253,3,"{""bt"": 1, ""code"": 2}",265
crashbench-abo2__tier3__openrouter_openai_gpt-5.5__t3_unfenced_cmw__ctx10__t1,crashbench-abo2,openrouter/openai/gpt-5.5,t3_unfenced_cmw.json,10,3,1,ok,115.068,0,1,1,1,ok,openrouter/openai/gpt-5,2389,1626,22,"{""bt"": 3, ""info"": 3, ""run"": 2, ""code"": 5, ""break"": 1, ""print"": 6, ""next"": 2}",1625
crashbench-abo2__tier3__openrouter_qwen_qwen3-30b-a3b-instruct-2507__t3_unfenced_cmw__ctx10__t1,crashbench-abo2,openrouter/qwen/qwen3-30b-a3b-instruct-2507,t3_unfenced_cmw.json,10,3,1,ok,38.082,0,1,0,1,ok,openrouter/openai/gpt-5,3918,902,7,"{""bt"": 1, ""info"": 2, ""print"": 1, ""code"": 3}",232
crashbench-abo2__tier4__haiku__tier4_claude_code__ctx10__t1,crashbench-abo2,haiku,tier4_claude_code.json,10,4,1,missing_dep,0.0,-1,,,,,,0,0,0,,0
crashbench-abo2__tier4__sonnet__tier4_claude_code__ctx10__t1,crashbench-abo2,sonnet,tier4_claude_code.json,10,4,1,missing_dep,0.0,-1,,,,,,0,0,0,,0
crashbench-abo3__tier1__openrouter_anthropic_claude-sonnet-4.5__tier1_bash_only__ctx10__t1,crashbench-abo3,openrouter/anthropic/claude-sonnet-4.5,tier1_bash_only.json,10,1,1,ok,271.268,0,1,0,1,ok,openrouter/openai/gpt-5,25991,1788,7,"{""ls"": 1, ""cat"": 2, ""prog"": 1, ""gdb"": 1, ""echo"": 2}",0
crashbench-abo3__tier1__openrouter_google_gemini-3.1-flash-lite-preview__tier1_bash_only__ctx10__t1,crashbench-abo3,openrouter/google/gemini-3.1-flash-lite-preview,tier1_bash_only.json,10,1,1,ok,12.098,0,1,0,1,ok,openrouter/openai/gpt-5,3694,360,2,"{""ls"": 1, ""echo"": 1}",0
crashbench-abo3__tier1__openrouter_nvidia_nemotron-3-nano-30b-a3b__tier1_bash_only__ctx10__t1,crashbench-abo3,openrouter/nvidia/nemotron-3-nano-30b-a3b,tier1_bash_only.json,10,1,1,timeout,293.466,-1,0,0,0,ok,openrouter/openai/gpt-5,0,0,0,{},0
crashbench-abo3__tier1__openrouter_openai_gpt-5.5__tier1_bash_only__ctx10__t1,crashbench-abo3,openrouter/openai/gpt-5.5,tier1_bash_only.json,10,1,1,timeout,294.227,-1,0,0,0,ok,openrouter/openai/gpt-5,0,0,0,{},0
crashbench-abo3__tier1__openrouter_qwen_qwen3-30b-a3b-instruct-2507__tier1_bash_only__ctx10__t1,crashbench-abo3,openrouter/qwen/qwen3-30b-a3b-instruct-2507,tier1_bash_only.json,10,1,1,timeout,294.256,-1,0,0,0,ok,openrouter/openai/gpt-5,0,0,0,{},0
crashbench-abo3__tier2__openrouter_anthropic_claude-sonnet-4.5__tier2_gdb_plus_bash__ctx10__t1,crashbench-abo3,openrouter/anthropic/claude-sonnet-4.5,tier2_gdb_plus_bash.json,10,2,1,timeout,294.451,-1,0,0,0,ok,openrouter/openai/gpt-5,0,0,0,{},0
crashbench-abo3__tier2__openrouter_google_gemini-3.1-flash-lite-preview__tier2_gdb_plus_bash__ctx10__t1,crashbench-abo3,openrouter/google/gemini-3.1-flash-lite-preview,tier2_gdb_plus_bash.json,10,2,1,ok,11.975,0,0,0,0,no_prose_synthesis,openrouter/openai/gpt-5,9768,250,4,"{""nl"": 1, ""run"": 1, ""echo"": 2}",0
crashbench-abo3__tier2__openrouter_nvidia_nemotron-3-nano-30b-a3b__tier2_gdb_plus_bash__ctx10__t1,crashbench-abo3,openrouter/nvidia/nemotron-3-nano-30b-a3b,tier2_gdb_plus_bash.json,10,2,1,timeout,293.761,-1,0,0,0,ok,openrouter/openai/gpt-5,0,0,0,{},0
crashbench-abo3__tier2__openrouter_openai_gpt-5.5__tier2_gdb_plus_bash__ctx10__t1,crashbench-abo3,openrouter/openai/gpt-5.5,tier2_gdb_plus_bash.json,10,2,1,ok,43.352,0,1,1,1,ok,openrouter/openai/gpt-5,13562,1056,5,"{""nl"": 1, ""run"": 1, ""break"": 1, ""print"": 1, ""echo"": 1}",0
crashbench-abo3__tier2__openrouter_qwen_qwen3-30b-a3b-instruct-2507__tier2_gdb_plus_bash__ctx10__t1,crashbench-abo3,openrouter/qwen/qwen3-30b-a3b-instruct-2507,tier2_gdb_plus_bash.json,10,2,1,ok,28.166,0,1,0,1,ok,openrouter/openai/gpt-5,10494,850,4,"{""nl"": 1, ""run"": 1, ""frame"": 1, ""echo"": 1}",0
crashbench-abo3__tier3__openrouter_anthropic_claude-sonnet-4.5__t3_unfenced_cmw__ctx10__t1,crashbench-abo3,openrouter/anthropic/claude-sonnet-4.5,t3_unfenced_cmw.json,10,3,1,ok,206.687,0,0,1,1,ok,openrouter/openai/gpt-5,14501,745,85,"{""bt"": 12, ""info"": 5, ""run"": 7, ""start"": 9, ""code"": 3, ""list"": 2, ""print"": 14, ""break"": 5, ""continue"": 11, ""call"": 3, ""next"": 2, ""handle"": 1, ""step"": 1, ""finish"": 1, ""x/32gx"": 1, ""x/8gx"": 1, ""set"": 3, ""delete"": 1, ""file"": 2, ""show"": 1}",287
crashbench-abo3__tier3__openrouter_google_gemini-3.1-flash-lite-preview__t3_unfenced_cmw__ctx10__t1,crashbench-abo3,openrouter/google/gemini-3.1-flash-lite-preview,t3_unfenced_cmw.json,10,3,1,ok,63.865,0,1,0,1,ok,openrouter/openai/gpt-5,8044,534,46,"{""list"": 1, ""code"": 1, ""run"": 13, ""print"": 10, ""break"": 6, ""step"": 2, ""next"": 2, ""continue"": 1, ""breakpoint"": 1, ""delete"": 1, ""n"": 1, ""start"": 6, ""disassemble"": 1}",122
crashbench-abo3__tier3__openrouter_nvidia_nemotron-3-nano-30b-a3b__t3_unfenced_cmw__ctx10__t1,crashbench-abo3,openrouter/nvidia/nemotron-3-nano-30b-a3b,t3_unfenced_cmw.json,10,3,1,ok,261.227,0,0,0,0,no_prose_synthesis,openrouter/openai/gpt-5,0,0,8,"{""code"": 7, ""bt"": 1}",0
crashbench-abo3__tier3__openrouter_openai_gpt-5.5__t3_unfenced_cmw__ctx10__t1,crashbench-abo3,openrouter/openai/gpt-5.5,t3_unfenced_cmw.json,10,3,1,timeout,299.279,-1,0,0,0,ok,openrouter/openai/gpt-5,0,0,0,{},0
crashbench-abo3__tier3__openrouter_qwen_qwen3-30b-a3b-instruct-2507__t3_unfenced_cmw__ctx10__t1,crashbench-abo3,openrouter/qwen/qwen3-30b-a3b-instruct-2507,t3_unfenced_cmw.json,10,3,1,ok,27.843,0,1,0,1,ok,openrouter/openai/gpt-5,1539,1058,5,"{""bt"": 1, ""info"": 1, ""code"": 3}",226
crashbench-abo3__tier4__haiku__tier4_claude_code__ctx10__t1,crashbench-abo3,haiku,tier4_claude_code.json,10,4,1,missing_dep,0.0,-1,,,,,,0,0,0,,0
crashbench-abo3__tier4__sonnet__tier4_claude_code__ctx10__t1,crashbench-abo3,sonnet,tier4_claude_code.json,10,4,1,missing_dep,0.0,-1,,,,,,0,0,0,,0
crashbench-abo5__tier1__openrouter_anthropic_claude-sonnet-4.5__tier1_bash_only__ctx10__t1,crashbench-abo5,openrouter/anthropic/claude-sonnet-4.5,tier1_bash_only.json,10,1,1,ok,77.94,0,1,0,1,ok,openrouter/openai/gpt-5,34416,2758,9,"{""ls"": 1, ""cat"": 3, ""prog"": 1, ""gdb"": 1, ""echo"": 3}",0
crashbench-abo5__tier1__openrouter_google_gemini-3.1-flash-lite-preview__tier1_bash_only__ctx10__t1,crashbench-abo5,openrouter/google/gemini-3.1-flash-lite-preview,tier1_bash_only.json,10,1,1,ok,14.266,0,1,0,1,ok,openrouter/openai/gpt-5,4190,479,2,"{""ls"": 1, ""echo"": 1}",0
crashbench-abo5__tier1__openrouter_nvidia_nemotron-3-nano-30b-a3b__tier1_bash_only__ctx10__t1,crashbench-abo5,openrouter/nvidia/nemotron-3-nano-30b-a3b,tier1_bash_only.json,10,1,1,timeout,294.558,-1,0,0,0,ok,openrouter/openai/gpt-5,0,0,0,{},0
crashbench-abo5__tier1__openrouter_openai_gpt-5.5__tier1_bash_only__ctx10__t1,crashbench-abo5,openrouter/openai/gpt-5.5,tier1_bash_only.json,10,1,1,ok,51.975,0,1,1,1,ok,openrouter/openai/gpt-5,13897,2001,6,"{""ls"": 1, ""prog"": 2, ""gdb"": 1, ""nl"": 1, ""echo"": 1}",0
crashbench-abo5__tier1__openrouter_qwen_qwen3-30b-a3b-instruct-2507__tier1_bash_only__ctx10__t1,crashbench-abo5,openrouter/qwen/qwen3-30b-a3b-instruct-2507,tier1_bash_only.json,10,1,1,timeout,294.28,-1,0,0,0,ok,openrouter/openai/gpt-5,0,0,0,{},0
crashbench-abo5__tier2__openrouter_anthropic_claude-sonnet-4.5__tier2_gdb_plus_bash__ctx10__t1,crashbench-abo5,openrouter/anthropic/claude-sonnet-4.5,tier2_gdb_plus_bash.json,10,2,1,ok,124.594,0,1,0,1,ok,openrouter/openai/gpt-5,43232,2293,11,"{""nl"": 1, ""run"": 1, ""interrupt"": 1, ""cat"": 2, ""file"": 1, ""timeout"": 1, ""echo"": 3, ""grep"": 1}",0
crashbench-abo5__tier2__openrouter_google_gemini-3.1-flash-lite-preview__tier2_gdb_plus_bash__ctx10__t1,crashbench-abo5,openrouter/google/gemini-3.1-flash-lite-preview,tier2_gdb_plus_bash.json,10,2,1,ok,15.778,0,0,0,0,no_prose_synthesis,openrouter/openai/gpt-5,10375,331,4,"{""nl"": 1, ""run"": 1, ""#"": 1, ""echo"": 1}",0
crashbench-abo5__tier2__openrouter_nvidia_nemotron-3-nano-30b-a3b__tier2_gdb_plus_bash__ctx10__t1,crashbench-abo5,openrouter/nvidia/nemotron-3-nano-30b-a3b,tier2_gdb_plus_bash.json,10,2,1,timeout,296.588,-1,0,0,0,ok,openrouter/openai/gpt-5,0,0,0,{},0
crashbench-abo5__tier2__openrouter_openai_gpt-5.5__tier2_gdb_plus_bash__ctx10__t1,crashbench-abo5,openrouter/openai/gpt-5.5,tier2_gdb_plus_bash.json,10,2,1,ok,53.506,0,1,1,1,ok,openrouter/openai/gpt-5,14046,1534,5,"{""nl"": 1, ""run"": 1, ""break"": 1, ""print"": 1, ""echo"": 1}",0
crashbench-abo5__tier2__openrouter_qwen_qwen3-30b-a3b-instruct-2507__tier2_gdb_plus_bash__ctx10__t1,crashbench-abo5,openrouter/qwen/qwen3-30b-a3b-instruct-2507,tier2_gdb_plus_bash.json,10,2,1,timeout,293.857,-1,0,0,0,ok,openrouter/openai/gpt-5,0,0,0,{},0
crashbench-abo5__tier3__openrouter_anthropic_claude-sonnet-4.5__t3_unfenced_cmw__ctx10__t1,crashbench-abo5,openrouter/anthropic/claude-sonnet-4.5,t3_unfenced_cmw.json,10,3,1,ok,58.788,0,0,0,0,ok,openrouter/openai/gpt-5,6001,51,22,"{""info"": 3, ""bt"": 2, ""run"": 4, ""code"": 4, ""break"": 3, ""continue"": 2, ""delete"": 2, ""set"": 2}",0
crashbench-abo5__tier3__openrouter_google_gemini-3.1-flash-lite-preview__t3_unfenced_cmw__ctx10__t1,crashbench-abo5,openrouter/google/gemini-3.1-flash-lite-preview,t3_unfenced_cmw.json,10,3,1,ok,60.847,0,1,0,1,ok,openrouter/openai/gpt-5,4225,676,29,"{""run"": 6, ""bt"": 1, ""code"": 3, ""b"": 7, ""p"": 1, ""step"": 2, ""c"": 2, ""info"": 1, ""n"": 2, ""print"": 1, ""s"": 3}",216
crashbench-abo5__tier3__openrouter_nvidia_nemotron-3-nano-30b-a3b__t3_unfenced_cmw__ctx10__t1,crashbench-abo5,openrouter/nvidia/nemotron-3-nano-30b-a3b,t3_unfenced_cmw.json,10,3,1,timeout,298.901,-1,0,0,0,ok,openrouter/openai/gpt-5,0,0,0,{},0
crashbench-abo5__tier3__openrouter_openai_gpt-5.5__t3_unfenced_cmw__ctx10__t1,crashbench-abo5,openrouter/openai/gpt-5.5,t3_unfenced_cmw.json,10,3,1,ok,185.238,0,1,0,1,ok,openrouter/openai/gpt-5,6700,1558,56,"{""bt"": 7, ""info"": 6, ""run"": 5, ""code"": 6, ""break"": 4, ""print"": 13, ""next"": 3, ""continue"": 3, ""delete"": 1, ""set"": 4, ""inferior"": 1, ""file"": 1, ""disable"": 1, ""frame"": 1}",1257
crashbench-abo5__tier3__openrouter_qwen_qwen3-30b-a3b-instruct-2507__t3_unfenced_cmw__ctx10__t1,crashbench-abo5,openrouter/qwen/qwen3-30b-a3b-instruct-2507,t3_unfenced_cmw.json,10,3,1,ok,30.764,0,0,0,1,ok,openrouter/openai/gpt-5,1672,1630,8,"{""bt"": 1, ""info"": 1, ""frame"": 1, ""code"": 3, ""print"": 2}",969
crashbench-abo5__tier4__haiku__tier4_claude_code__ctx10__t1,crashbench-abo5,haiku,tier4_claude_code.json,10,4,1,missing_dep,0.0,-1,,,,,,0,0,0,,0
crashbench-abo5__tier4__sonnet__tier4_claude_code__ctx10__t1,crashbench-abo5,sonnet,tier4_claude_code.json,10,4,1,missing_dep,0.0,-1,,,,,,0,0,0,,0
crashbench-abo7__tier1__openrouter_anthropic_claude-sonnet-4.5__tier1_bash_only__ctx10__t1,crashbench-abo7,openrouter/anthropic/claude-sonnet-4.5,tier1_bash_only.json,10,1,1,ok,39.061,0,1,0,1,ok,openrouter/openai/gpt-5,22249,1772,7,"{""ls"": 1, ""cat"": 2, ""prog"": 1, ""echo"": 2, ""gdb"": 1}",0
crashbench-abo7__tier1__openrouter_google_gemini-3.1-flash-lite-preview__tier1_bash_only__ctx10__t1,crashbench-abo7,openrouter/google/gemini-3.1-flash-lite-preview,tier1_bash_only.json,10,1,1,ok,13.33,0,0,0,1,ok,openrouter/openai/gpt-5,2017,358,2,"{""ls"": 1, ""echo"": 1}",0
crashbench-abo7__tier1__openrouter_nvidia_nemotron-3-nano-30b-a3b__tier1_bash_only__ctx10__t1,crashbench-abo7,openrouter/nvidia/nemotron-3-nano-30b-a3b,tier1_bash_only.json,10,1,1,timeout,296.628,-1,0,0,0,ok,openrouter/openai/gpt-5,0,0,0,{},0
crashbench-abo7__tier1__openrouter_openai_gpt-5.5__tier1_bash_only__ctx10__t1,crashbench-abo7,openrouter/openai/gpt-5.5,tier1_bash_only.json,10,1,1,ok,28.234,0,1,1,1,ok,openrouter/openai/gpt-5,7855,1318,5,"{""ls"": 1, ""prog"": 1, ""nl"": 1, ""gdb"": 1, ""echo"": 1}",0
crashbench-abo7__tier1__openrouter_qwen_qwen3-30b-a3b-instruct-2507__tier1_bash_only__ctx10__t1,crashbench-abo7,openrouter/qwen/qwen3-30b-a3b-instruct-2507,tier1_bash_only.json,10,1,1,ok,16.662,0,1,0,1,ok,openrouter/openai/gpt-5,10682,730,5,"{""ls"": 1, ""cat"": 1, ""prog"": 1, ""gdb"": 1, ""echo"": 1}",0
crashbench-abo7__tier2__openrouter_anthropic_claude-sonnet-4.5__tier2_gdb_plus_bash__ctx10__t1,crashbench-abo7,openrouter/anthropic/claude-sonnet-4.5,tier2_gdb_plus_bash.json,10,2,1,ok,69.129,0,1,0,1,ok,openrouter/openai/gpt-5,30932,1319,8,"{""nl"": 1, ""run"": 1, ""echo"": 3, ""grep"": 1, ""cat"": 1, ""info"": 1}",0
crashbench-abo7__tier2__openrouter_google_gemini-3.1-flash-lite-preview__tier2_gdb_plus_bash__ctx10__t1,crashbench-abo7,openrouter/google/gemini-3.1-flash-lite-preview,tier2_gdb_plus_bash.json,10,2,1,ok,11.723,0,0,0,0,no_prose_synthesis,openrouter/openai/gpt-5,5857,98,3,"{""nl"": 1, ""run"": 1, ""echo"": 1}",0
crashbench-abo7__tier2__openrouter_nvidia_nemotron-3-nano-30b-a3b__tier2_gdb_plus_bash__ctx10__t1,crashbench-abo7,openrouter/nvidia/nemotron-3-nano-30b-a3b,tier2_gdb_plus_bash.json,10,2,1,timeout,297.19,-1,0,0,0,ok,openrouter/openai/gpt-5,0,0,0,{},0
crashbench-abo7__tier2__openrouter_openai_gpt-5.5__tier2_gdb_plus_bash__ctx10__t1,crashbench-abo7,openrouter/openai/gpt-5.5,tier2_gdb_plus_bash.json,10,2,1,ok,31.484,0,1,1,1,ok,openrouter/openai/gpt-5,11844,950,5,"{""nl"": 1, ""run"": 1, ""break"": 1, ""p"": 1, ""echo"": 1}",0
crashbench-abo7__tier2__openrouter_qwen_qwen3-30b-a3b-instruct-2507__tier2_gdb_plus_bash__ctx10__t1,crashbench-abo7,openrouter/qwen/qwen3-30b-a3b-instruct-2507,tier2_gdb_plus_bash.json,10,2,1,ok,11.428,0,1,0,1,ok,openrouter/openai/gpt-5,6245,624,3,"{""nl"": 1, ""run"": 1, ""echo"": 1}",0
crashbench-abo7__tier3__openrouter_anthropic_claude-sonnet-4.5__t3_unfenced_cmw__ctx10__t1,crashbench-abo7,openrouter/anthropic/claude-sonnet-4.5,t3_unfenced_cmw.json,10,3,1,timeout,298.772,-1,0,0,0,ok,openrouter/openai/gpt-5,0,0,0,{},0
crashbench-abo7__tier3__openrouter_google_gemini-3.1-flash-lite-preview__t3_unfenced_cmw__ctx10__t1,crashbench-abo7,openrouter/google/gemini-3.1-flash-lite-preview,t3_unfenced_cmw.json,10,3,1,ok,23.754,0,0,0,0,no_prose_synthesis,openrouter/openai/gpt-5,0,0,18,"{""run"": 1, ""bt"": 1, ""start"": 2, ""code"": 1, ""n"": 1, ""frame"": 1, ""continue"": 1, ""s"": 1, ""p"": 3, ""info"": 1, ""list"": 1, ""b"": 1, ""r"": 1, ""strlen(argc[1])"": 1, ""print"": 1}",0
crashbench-abo7__tier3__openrouter_nvidia_nemotron-3-nano-30b-a3b__t3_unfenced_cmw__ctx10__t1,crashbench-abo7,openrouter/nvidia/nemotron-3-nano-30b-a3b,t3_unfenced_cmw.json,10,3,1,timeout,298.831,-1,0,0,0,ok,openrouter/openai/gpt-5,0,0,0,{},0
crashbench-abo7__tier3__openrouter_openai_gpt-5.5__t3_unfenced_cmw__ctx10__t1,crashbench-abo7,openrouter/openai/gpt-5.5,t3_unfenced_cmw.json,10,3,1,ok,130.41,0,1,1,1,ok,openrouter/openai/gpt-5,3305,1418,32,"{""bt"": 3, ""info"": 4, ""run"": 2, ""code"": 3, ""shell"": 1, ""list"": 1, ""show"": 1, ""break"": 3, ""print"": 10, ""next"": 1, ""start"": 1, ""disassemble"": 1, ""continue"": 1}",990
crashbench-abo7__tier3__openrouter_qwen_qwen3-30b-a3b-instruct-2507__t3_unfenced_cmw__ctx10__t1,crashbench-abo7,openrouter/qwen/qwen3-30b-a3b-instruct-2507,t3_unfenced_cmw.json,10,3,1,ok,25.521,0,0,0,1,ok,openrouter/openai/gpt-5,1711,1305,4,"{""backtrace"": 1, ""info"": 1, ""code"": 2}",943
crashbench-abo7__tier4__haiku__tier4_claude_code__ctx10__t1,crashbench-abo7,haiku,tier4_claude_code.json,10,4,1,missing_dep,0.0,-1,,,,,,0,0,0,,0
crashbench-abo7__tier4__sonnet__tier4_claude_code__ctx10__t1,crashbench-abo7,sonnet,tier4_claude_code.json,10,4,1,missing_dep,0.0,-1,,,,,,0,0,0,,0
crashbench-abo8__tier1__openrouter_anthropic_claude-sonnet-4.5__tier1_bash_only__ctx10__t1,crashbench-abo8,openrouter/anthropic/claude-sonnet-4.5,tier1_bash_only.json,10,1,1,timeout,295.31,-1,0,0,0,ok,openrouter/openai/gpt-5,0,0,0,{},0
crashbench-abo8__tier1__openrouter_google_gemini-3.1-flash-lite-preview__tier1_bash_only__ctx10__t1,crashbench-abo8,openrouter/google/gemini-3.1-flash-lite-preview,tier1_bash_only.json,10,1,1,ok,10.853,0,0,0,1,ok,openrouter/openai/gpt-5,3609,353,2,"{""ls"": 1, ""echo"": 1}",0
crashbench-abo8__tier1__openrouter_nvidia_nemotron-3-nano-30b-a3b__tier1_bash_only__ctx10__t1,crashbench-abo8,openrouter/nvidia/nemotron-3-nano-30b-a3b,tier1_bash_only.json,10,1,1,ok,11.832,0,0,0,1,ok,openrouter/openai/gpt-5,1879,706,2,"{""cat"": 1, ""echo"": 1}",0
crashbench-abo8__tier1__openrouter_openai_gpt-5.5__tier1_bash_only__ctx10__t1,crashbench-abo8,openrouter/openai/gpt-5.5,tier1_bash_only.json,10,1,1,ok,60.269,0,1,1,1,ok,openrouter/openai/gpt-5,15649,2137,5,"{""set"": 1, ""printf"": 2, ""gdb"": 1, ""echo"": 1}",0
crashbench-abo8__tier1__openrouter_qwen_qwen3-30b-a3b-instruct-2507__tier1_bash_only__ctx10__t1,crashbench-abo8,openrouter/qwen/qwen3-30b-a3b-instruct-2507,tier1_bash_only.json,10,1,1,ok,12.873,0,1,0,0,ok,openrouter/openai/gpt-5,10422,695,4,"{""ls"": 1, ""prog"": 1, ""gdb"": 1, ""echo"": 1}",0
crashbench-abo8__tier2__openrouter_anthropic_claude-sonnet-4.5__tier2_gdb_plus_bash__ctx10__t1,crashbench-abo8,openrouter/anthropic/claude-sonnet-4.5,tier2_gdb_plus_bash.json,10,2,1,timeout,296.596,-1,0,0,0,ok,openrouter/openai/gpt-5,0,0,0,{},0
crashbench-abo8__tier2__openrouter_google_gemini-3.1-flash-lite-preview__tier2_gdb_plus_bash__ctx10__t1,crashbench-abo8,openrouter/google/gemini-3.1-flash-lite-preview,tier2_gdb_plus_bash.json,10,2,1,ok,15.384,0,0,0,1,ok,openrouter/openai/gpt-5,5816,411,3,"{""nl"": 1, ""run"": 1, ""echo"": 1}",0
crashbench-abo8__tier2__openrouter_nvidia_nemotron-3-nano-30b-a3b__tier2_gdb_plus_bash__ctx10__t1,crashbench-abo8,openrouter/nvidia/nemotron-3-nano-30b-a3b,tier2_gdb_plus_bash.json,10,2,1,timeout,296.935,-1,0,0,0,ok,openrouter/openai/gpt-5,0,0,0,{},0
crashbench-abo8__tier2__openrouter_openai_gpt-5.5__tier2_gdb_plus_bash__ctx10__t1,crashbench-abo8,openrouter/openai/gpt-5.5,tier2_gdb_plus_bash.json,10,2,1,ok,37.739,0,1,0,1,ok,openrouter/openai/gpt-5,17303,1377,6,"{""nl"": 1, ""run"": 1, ""break"": 1, ""print"": 1, ""grep"": 1, ""echo"": 1}",0
crashbench-abo8__tier2__openrouter_qwen_qwen3-30b-a3b-instruct-2507__tier2_gdb_plus_bash__ctx10__t1,crashbench-abo8,openrouter/qwen/qwen3-30b-a3b-instruct-2507,tier2_gdb_plus_bash.json,10,2,1,ok,17.782,0,1,0,1,ok,openrouter/openai/gpt-5,11965,910,4,"{""nl"": 1, ""run"": 2, ""echo"": 1}",0
crashbench-abo8__tier3__openrouter_anthropic_claude-sonnet-4.5__t3_unfenced_cmw__ctx10__t1,crashbench-abo8,openrouter/anthropic/claude-sonnet-4.5,t3_unfenced_cmw.json,10,3,1,ok,206.85,0,1,0,1,ok,openrouter/openai/gpt-5,19389,1179,69,"{""backtrace"": 2, ""info"": 15, ""run"": 10, ""start"": 2, ""code"": 2, ""print"": 9, ""call"": 3, ""next"": 1, ""break"": 5, ""shell"": 1, ""list"": 1, ""continue"": 6, ""step"": 1, ""catch"": 1, ""delete"": 2, ""set"": 2, ""inferior"": 1, ""frame"": 4, ""x/64xb"": 1}",492
crashbench-abo8__tier3__openrouter_google_gemini-3.1-flash-lite-preview__t3_unfenced_cmw__ctx10__t1,crashbench-abo8,openrouter/google/gemini-3.1-flash-lite-preview,t3_unfenced_cmw.json,10,3,1,ok,23.021,0,0,0,1,ok,openrouter/openai/gpt-5,2734,456,14,"{""list"": 1, ""run"": 3, ""break"": 3, ""next"": 3, ""frame"": 1, ""print"": 1, ""code"": 1, ""step"": 1}",107
crashbench-abo8__tier3__openrouter_nvidia_nemotron-3-nano-30b-a3b__t3_unfenced_cmw__ctx10__t1,crashbench-abo8,openrouter/nvidia/nemotron-3-nano-30b-a3b,t3_unfenced_cmw.json,10,3,1,ok,89.104,0,0,1,1,ok,openrouter/openai/gpt-5,2434,1814,11,"{""code"": 6, ""list"": 1, ""bt"": 2, ""run"": 2}",319
crashbench-abo8__tier3__openrouter_openai_gpt-5.5__t3_unfenced_cmw__ctx10__t1,crashbench-abo8,openrouter/openai/gpt-5.5,t3_unfenced_cmw.json,10,3,1,ok,145.984,0,0,1,1,ok,openrouter/openai/gpt-5,4818,1587,43,"{""bt"": 4, ""info"": 6, ""run"": 5, ""code"": 5, ""break"": 5, ""print"": 12, ""next"": 1, ""continue"": 3, ""step"": 1, ""delete"": 1}",1898
crashbench-abo8__tier3__openrouter_qwen_qwen3-30b-a3b-instruct-2507__t3_unfenced_cmw__ctx10__t1,crashbench-abo8,openrouter/qwen/qwen3-30b-a3b-instruct-2507,t3_unfenced_cmw.json,10,3,1,ok,20.838,0,0,0,1,ok,openrouter/openai/gpt-5,1264,979,4,"{""backtrace"": 1, ""info"": 2, ""code"": 1}",115
crashbench-abo8__tier4__haiku__tier4_claude_code__ctx10__t1,crashbench-abo8,haiku,tier4_claude_code.json,10,4,1,missing_dep,0.0,-1,,,,,,0,0,0,,0
crashbench-abo8__tier4__sonnet__tier4_claude_code__ctx10__t1,crashbench-abo8,sonnet,tier4_claude_code.json,10,4,1,missing_dep,0.0,-1,,,,,,0,0,0,,0
juliet-cwe121-char-type-overrun-memcpy-01__tier1__openrouter_anthropic_claude-sonnet-4.5__tier1_bash_only__ctx10__t1,juliet-cwe121-char-type-overrun-memcpy-01,openrouter/anthropic/claude-sonnet-4.5,tier1_bash_only.json,10,1,1,ok,46.329,0,1,1,0,ok,openrouter/openai/gpt-5,28965,1856,8,"{""ls"": 1, ""cat"": 2, ""prog"": 1, ""gdb"": 1, ""echo"": 3}",0
juliet-cwe121-char-type-overrun-memcpy-01__tier1__openrouter_google_gemini-3.1-flash-lite-preview__tier1_bash_only__ctx10__t1,juliet-cwe121-char-type-overrun-memcpy-01,openrouter/google/gemini-3.1-flash-lite-preview,tier1_bash_only.json,10,1,1,ok,13.21,0,1,1,0,ok,openrouter/openai/gpt-5,8076,777,3,"{""ls"": 1, ""echo"": 2}",0
juliet-cwe121-char-type-overrun-memcpy-01__tier1__openrouter_nvidia_nemotron-3-nano-30b-a3b__tier1_bash_only__ctx10__t1,juliet-cwe121-char-type-overrun-memcpy-01,openrouter/nvidia/nemotron-3-nano-30b-a3b,tier1_bash_only.json,10,1,1,ok,23.301,0,0,0,0,ok,openrouter/openai/gpt-5,718,1970,1,"{""echo"": 1}",0
juliet-cwe121-char-type-overrun-memcpy-01__tier1__openrouter_openai_gpt-5.5__tier1_bash_only__ctx10__t1,juliet-cwe121-char-type-overrun-memcpy-01,openrouter/openai/gpt-5.5,tier1_bash_only.json,10,1,1,ok,28.719,0,1,1,1,ok,openrouter/openai/gpt-5,8127,1229,5,"{""ls"": 1, ""prog;"": 1, ""gdb"": 1, ""cat"": 1, ""echo"": 1}",0
juliet-cwe121-char-type-overrun-memcpy-01__tier1__openrouter_qwen_qwen3-30b-a3b-instruct-2507__tier1_bash_only__ctx10__t1,juliet-cwe121-char-type-overrun-memcpy-01,openrouter/qwen/qwen3-30b-a3b-instruct-2507,tier1_bash_only.json,10,1,1,ok,23.511,0,1,1,0,ok,openrouter/openai/gpt-5,16784,529,5,"{""ls"": 1, ""cat"": 1, ""prog"": 1, ""gdb"": 1, ""echo"": 1}",0
juliet-cwe121-char-type-overrun-memcpy-01__tier2__openrouter_anthropic_claude-sonnet-4.5__tier2_gdb_plus_bash__ctx10__t1,juliet-cwe121-char-type-overrun-memcpy-01,openrouter/anthropic/claude-sonnet-4.5,tier2_gdb_plus_bash.json,10,2,1,timeout,297.013,-1,0,0,0,ok,openrouter/openai/gpt-5,0,0,0,{},0
juliet-cwe121-char-type-overrun-memcpy-01__tier2__openrouter_google_gemini-3.1-flash-lite-preview__tier2_gdb_plus_bash__ctx10__t1,juliet-cwe121-char-type-overrun-memcpy-01,openrouter/google/gemini-3.1-flash-lite-preview,tier2_gdb_plus_bash.json,10,2,1,ok,13.066,0,0,0,0,no_prose_synthesis,openrouter/openai/gpt-5,10572,87,4,"{""nl"": 1, ""run"": 1, ""frame"": 1, ""echo"": 1}",0
juliet-cwe121-char-type-overrun-memcpy-01__tier2__openrouter_nvidia_nemotron-3-nano-30b-a3b__tier2_gdb_plus_bash__ctx10__t1,juliet-cwe121-char-type-overrun-memcpy-01,openrouter/nvidia/nemotron-3-nano-30b-a3b,tier2_gdb_plus_bash.json,10,2,1,timeout,297.756,-1,0,0,0,ok,openrouter/openai/gpt-5,0,0,0,{},0
juliet-cwe121-char-type-overrun-memcpy-01__tier2__openrouter_openai_gpt-5.5__tier2_gdb_plus_bash__ctx10__t1,juliet-cwe121-char-type-overrun-memcpy-01,openrouter/openai/gpt-5.5,tier2_gdb_plus_bash.json,10,2,1,ok,202.38,0,1,1,1,ok,openrouter/openai/gpt-5,15483,1406,6,"{""nl"": 1, ""run"": 1, ""frame"": 1, ""break"": 1, ""y"": 1, ""echo"": 1}",0
juliet-cwe121-char-type-overrun-memcpy-01__tier2__openrouter_qwen_qwen3-30b-a3b-instruct-2507__tier2_gdb_plus_bash__ctx10__t1,juliet-cwe121-char-type-overrun-memcpy-01,openrouter/qwen/qwen3-30b-a3b-instruct-2507,tier2_gdb_plus_bash.json,10,2,1,timeout,293.808,-1,0,0,0,ok,openrouter/openai/gpt-5,0,0,0,{},0
juliet-cwe121-char-type-overrun-memcpy-01__tier3__openrouter_anthropic_claude-sonnet-4.5__t3_unfenced_cmw__ctx10__t1,juliet-cwe121-char-type-overrun-memcpy-01,openrouter/anthropic/claude-sonnet-4.5,t3_unfenced_cmw.json,10,3,1,ok,30.499,0,0,0,0,ok,openrouter/openai/gpt-5,4524,55,8,"{""code"": 3, ""info"": 2, ""frame"": 2, ""backtrace"": 1}",0
juliet-cwe121-char-type-overrun-memcpy-01__tier3__openrouter_google_gemini-3.1-flash-lite-preview__t3_unfenced_cmw__ctx10__t1,juliet-cwe121-char-type-overrun-memcpy-01,openrouter/google/gemini-3.1-flash-lite-preview,t3_unfenced_cmw.json,10,3,1,ok,28.08,0,1,1,0,ok,openrouter/openai/gpt-5,5063,700,12,"{""code"": 2, ""run"": 3, ""break"": 2, ""step"": 1, ""print/x"": 1, ""#"": 3}",292
juliet-cwe121-char-type-overrun-memcpy-01__tier3__openrouter_nvidia_nemotron-3-nano-30b-a3b__t3_unfenced_cmw__ctx10__t1,juliet-cwe121-char-type-overrun-memcpy-01,openrouter/nvidia/nemotron-3-nano-30b-a3b,t3_unfenced_cmw.json,10,3,1,ok,118.43,0,1,0,1,ok,openrouter/openai/gpt-5,2824,4525,4,"{""code"": 4}",1094
juliet-cwe121-char-type-overrun-memcpy-01__tier3__openrouter_openai_gpt-5.5__t3_unfenced_cmw__ctx10__t1,juliet-cwe121-char-type-overrun-memcpy-01,openrouter/openai/gpt-5.5,t3_unfenced_cmw.json,10,3,1,ok,61.629,0,1,1,1,ok,openrouter/openai/gpt-5,3570,1731,17,"{""code"": 4, ""bt"": 1, ""frame"": 2, ""p"": 5, ""p/x"": 2, ""x/32xb"": 2, ""info"": 1}",2246
juliet-cwe121-char-type-overrun-memcpy-01__tier3__openrouter_qwen_qwen3-30b-a3b-instruct-2507__t3_unfenced_cmw__ctx10__t1,juliet-cwe121-char-type-overrun-memcpy-01,openrouter/qwen/qwen3-30b-a3b-instruct-2507,t3_unfenced_cmw.json,10,3,1,ok,22.809,0,1,1,0,ok,openrouter/openai/gpt-5,2562,1248,3,"{""info"": 1, ""code"": 2}",685
juliet-cwe121-char-type-overrun-memcpy-01__tier4__haiku__tier4_claude_code__ctx10__t1,juliet-cwe121-char-type-overrun-memcpy-01,haiku,tier4_claude_code.json,10,4,1,missing_dep,0.0,-1,,,,,,0,0,0,,0
juliet-cwe121-char-type-overrun-memcpy-01__tier4__sonnet__tier4_claude_code__ctx10__t1,juliet-cwe121-char-type-overrun-memcpy-01,sonnet,tier4_claude_code.json,10,4,1,missing_dep,0.0,-1,,,,,,0,0,0,,0
juliet-cwe122-char-type-overrun-memcpy-01__tier1__openrouter_anthropic_claude-sonnet-4.5__tier1_bash_only__ctx10__t1,juliet-cwe122-char-type-overrun-memcpy-01,openrouter/anthropic/claude-sonnet-4.5,tier1_bash_only.json,10,1,1,ok,50.633,0,1,1,1,ok,openrouter/openai/gpt-5,36302,2295,9,"{""ls"": 1, ""cat"": 4, ""prog"": 1, ""gdb"": 1, ""find"": 1, ""echo"": 1}",0
juliet-cwe122-char-type-overrun-memcpy-01__tier1__openrouter_google_gemini-3.1-flash-lite-preview__tier1_bash_only__ctx10__t1,juliet-cwe122-char-type-overrun-memcpy-01,openrouter/google/gemini-3.1-flash-lite-preview,tier1_bash_only.json,10,1,1,ok,12.015,0,1,1,0,ok,openrouter/openai/gpt-5,4213,525,2,"{""ls"": 1, ""echo"": 1}",0
juliet-cwe122-char-type-overrun-memcpy-01__tier1__openrouter_nvidia_nemotron-3-nano-30b-a3b__tier1_bash_only__ctx10__t1,juliet-cwe122-char-type-overrun-memcpy-01,openrouter/nvidia/nemotron-3-nano-30b-a3b,tier1_bash_only.json,10,1,1,ok,13.717,0,0,0,0,ok,openrouter/openai/gpt-5,591,1072,1,"{""echo"": 1}",0
juliet-cwe122-char-type-overrun-memcpy-01__tier1__openrouter_openai_gpt-5.5__tier1_bash_only__ctx10__t1,juliet-cwe122-char-type-overrun-memcpy-01,openrouter/openai/gpt-5.5,tier1_bash_only.json,10,1,1,ok,266.895,0,1,1,1,ok,openrouter/openai/gpt-5,12816,1597,7,"{""ls"": 1, ""prog;"": 1, ""nl"": 1, ""gdb"": 1, ""file"": 1, ""cat"": 1, ""echo"": 1}",0
juliet-cwe122-char-type-overrun-memcpy-01__tier1__openrouter_qwen_qwen3-30b-a3b-instruct-2507__tier1_bash_only__ctx10__t1,juliet-cwe122-char-type-overrun-memcpy-01,openrouter/qwen/qwen3-30b-a3b-instruct-2507,tier1_bash_only.json,10,1,1,ok,15.714,0,1,1,1,ok,openrouter/openai/gpt-5,12341,666,5,"{""ls"": 1, ""cat"": 1, ""prog"": 1, ""gdb"": 1, ""echo"": 1}",0
juliet-cwe122-char-type-overrun-memcpy-01__tier2__openrouter_anthropic_claude-sonnet-4.5__tier2_gdb_plus_bash__ctx10__t1,juliet-cwe122-char-type-overrun-memcpy-01,openrouter/anthropic/claude-sonnet-4.5,tier2_gdb_plus_bash.json,10,2,1,ok,58.261,0,1,1,1,ok,openrouter/openai/gpt-5,57019,1864,12,"{""nl"": 1, ""run"": 1, ""bt"": 1, ""frame"": 1, ""python3"": 2, ""cat"": 2, ""print"": 2, ""delete"": 1, ""echo"": 1}",0
juliet-cwe122-char-type-overrun-memcpy-01__tier2__openrouter_google_gemini-3.1-flash-lite-preview__tier2_gdb_plus_bash__ctx10__t1,juliet-cwe122-char-type-overrun-memcpy-01,openrouter/google/gemini-3.1-flash-lite-preview,tier2_gdb_plus_bash.json,10,2,1,ok,46.289,0,1,1,0,ok,openrouter/openai/gpt-5,27828,847,8,"{""nl"": 1, ""run"": 1, ""frame"": 3, ""echo"": 3}",0
juliet-cwe122-char-type-overrun-memcpy-01__tier2__openrouter_nvidia_nemotron-3-nano-30b-a3b__tier2_gdb_plus_bash__ctx10__t1,juliet-cwe122-char-type-overrun-memcpy-01,openrouter/nvidia/nemotron-3-nano-30b-a3b,tier2_gdb_plus_bash.json,10,2,1,timeout,297.767,-1,0,0,0,ok,openrouter/openai/gpt-5,0,0,0,{},0
juliet-cwe122-char-type-overrun-memcpy-01__tier2__openrouter_openai_gpt-5.5__tier2_gdb_plus_bash__ctx10__t1,juliet-cwe122-char-type-overrun-memcpy-01,openrouter/openai/gpt-5.5,tier2_gdb_plus_bash.json,10,2,1,ok,31.99,0,1,1,1,ok,openrouter/openai/gpt-5,9273,1058,4,"{""nl"": 1, ""run"": 1, ""frame"": 1, ""echo"": 1}",0
juliet-cwe122-char-type-overrun-memcpy-01__tier2__openrouter_qwen_qwen3-30b-a3b-instruct-2507__tier2_gdb_plus_bash__ctx10__t1,juliet-cwe122-char-type-overrun-memcpy-01,openrouter/qwen/qwen3-30b-a3b-instruct-2507,tier2_gdb_plus_bash.json,10,2,1,ok,60.646,0,1,1,1,ok,openrouter/openai/gpt-5,29537,643,9,"{""nl"": 1, ""run"": 1, ""frame"": 6, ""echo"": 1}",0
juliet-cwe122-char-type-overrun-memcpy-01__tier3__openrouter_anthropic_claude-sonnet-4.5__t3_unfenced_cmw__ctx10__t1,juliet-cwe122-char-type-overrun-memcpy-01,openrouter/anthropic/claude-sonnet-4.5,t3_unfenced_cmw.json,10,3,1,ok,132.397,0,1,1,1,ok,openrouter/openai/gpt-5,8871,1435,32,"{""info"": 5, ""frame"": 5, ""print"": 9, ""x/32xb"": 2, ""list"": 1, ""code"": 6, ""ptype"": 1, ""backtrace"": 1, ""x/s"": 1, ""x/8c"": 1}",146
juliet-cwe122-char-type-overrun-memcpy-01__tier3__openrouter_google_gemini-3.1-flash-lite-preview__t3_unfenced_cmw__ctx10__t1,juliet-cwe122-char-type-overrun-memcpy-01,openrouter/google/gemini-3.1-flash-lite-preview,t3_unfenced_cmw.json,10,3,1,ok,45.616,0,1,1,0,ok,openrouter/openai/gpt-5,5075,660,19,"{""start"": 6, ""b"": 2, ""n"": 2, ""code"": 4, ""#"": 4, ""list"": 1}",78
juliet-cwe122-char-type-overrun-memcpy-01__tier3__openrouter_nvidia_nemotron-3-nano-30b-a3b__t3_unfenced_cmw__ctx10__t1,juliet-cwe122-char-type-overrun-memcpy-01,openrouter/nvidia/nemotron-3-nano-30b-a3b,t3_unfenced_cmw.json,10,3,1,ok,48.295,0,0,1,1,ok,openrouter/openai/gpt-5,2692,1998,2,"{""code"": 2}",901
juliet-cwe122-char-type-overrun-memcpy-01__tier3__openrouter_openai_gpt-5.5__t3_unfenced_cmw__ctx10__t1,juliet-cwe122-char-type-overrun-memcpy-01,openrouter/openai/gpt-5.5,t3_unfenced_cmw.json,10,3,1,ok,69.236,0,1,1,1,ok,openrouter/openai/gpt-5,3688,1909,14,"{""code"": 8, ""frame"": 3, ""p"": 2, ""bt"": 1}",1961
juliet-cwe122-char-type-overrun-memcpy-01__tier3__openrouter_qwen_qwen3-30b-a3b-instruct-2507__t3_unfenced_cmw__ctx10__t1,juliet-cwe122-char-type-overrun-memcpy-01,openrouter/qwen/qwen3-30b-a3b-instruct-2507,t3_unfenced_cmw.json,10,3,1,timeout,299.026,-1,0,0,0,ok,openrouter/openai/gpt-5,0,0,0,{},0
juliet-cwe122-char-type-overrun-memcpy-01__tier4__haiku__tier4_claude_code__ctx10__t1,juliet-cwe122-char-type-overrun-memcpy-01,haiku,tier4_claude_code.json,10,4,1,missing_dep,0.0,-1,,,,,,0,0,0,,0
juliet-cwe122-char-type-overrun-memcpy-01__tier4__sonnet__tier4_claude_code__ctx10__t1,juliet-cwe122-char-type-overrun-memcpy-01,sonnet,tier4_claude_code.json,10,4,1,missing_dep,0.0,-1,,,,,,0,0,0,,0
juliet-cwe126-char-alloca-loop-01__tier1__openrouter_anthropic_claude-sonnet-4.5__tier1_bash_only__ctx10__t1,juliet-cwe126-char-alloca-loop-01,openrouter/anthropic/claude-sonnet-4.5,tier1_bash_only.json,10,1,1,ok,252.477,0,0,0,0,ok,openrouter/openai/gpt-5,0,0,0,{},0
juliet-cwe126-char-alloca-loop-01__tier1__openrouter_google_gemini-3.1-flash-lite-preview__tier1_bash_only__ctx10__t1,juliet-cwe126-char-alloca-loop-01,openrouter/google/gemini-3.1-flash-lite-preview,tier1_bash_only.json,10,1,1,ok,239.272,0,0,1,1,ok,openrouter/openai/gpt-5,9825,645,3,"{""ls"": 1, ""sed"": 1, ""echo"": 1}",0
juliet-cwe126-char-alloca-loop-01__tier1__openrouter_nvidia_nemotron-3-nano-30b-a3b__tier1_bash_only__ctx10__t1,juliet-cwe126-char-alloca-loop-01,openrouter/nvidia/nemotron-3-nano-30b-a3b,tier1_bash_only.json,10,1,1,ok,9.272,0,0,0,0,ok,openrouter/openai/gpt-5,591,834,1,"{""echo"": 1}",0
juliet-cwe126-char-alloca-loop-01__tier1__openrouter_openai_gpt-5.5__tier1_bash_only__ctx10__t1,juliet-cwe126-char-alloca-loop-01,openrouter/openai/gpt-5.5,tier1_bash_only.json,10,1,1,ok,30.766,0,1,1,1,ok,openrouter/openai/gpt-5,10146,1336,5,"{""ls"": 1, ""prog;"": 1, ""gdb"": 1, ""printf"": 1, ""echo"": 1}",0
juliet-cwe126-char-alloca-loop-01__tier1__openrouter_qwen_qwen3-30b-a3b-instruct-2507__tier1_bash_only__ctx10__t1,juliet-cwe126-char-alloca-loop-01,openrouter/qwen/qwen3-30b-a3b-instruct-2507,tier1_bash_only.json,10,1,1,ok,25.713,0,0,0,0,no_prose_synthesis,openrouter/openai/gpt-5,19632,127,5,"{""ls"": 1, ""cat"": 1, ""prog"": 1, ""gdb"": 1, ""echo"": 1}",0
juliet-cwe126-char-alloca-loop-01__tier2__openrouter_anthropic_claude-sonnet-4.5__tier2_gdb_plus_bash__ctx10__t1,juliet-cwe126-char-alloca-loop-01,openrouter/anthropic/claude-sonnet-4.5,tier2_gdb_plus_bash.json,10,2,1,ok,260.832,0,0,0,0,ok,openrouter/openai/gpt-5,0,0,0,{},0
juliet-cwe126-char-alloca-loop-01__tier2__openrouter_google_gemini-3.1-flash-lite-preview__tier2_gdb_plus_bash__ctx10__t1,juliet-cwe126-char-alloca-loop-01,openrouter/google/gemini-3.1-flash-lite-preview,tier2_gdb_plus_bash.json,10,2,1,ok,53.024,0,0,0,0,no_prose_synthesis,openrouter/openai/gpt-5,56835,691,10,"{""nl"": 1, ""run"": 1, ""break"": 1, ""print"": 1, ""#"": 4, ""echo"": 2}",0
juliet-cwe126-char-alloca-loop-01__tier2__openrouter_nvidia_nemotron-3-nano-30b-a3b__tier2_gdb_plus_bash__ctx10__t1,juliet-cwe126-char-alloca-loop-01,openrouter/nvidia/nemotron-3-nano-30b-a3b,tier2_gdb_plus_bash.json,10,2,1,timeout,297.115,-1,0,0,0,ok,openrouter/openai/gpt-5,0,0,0,{},0
juliet-cwe126-char-alloca-loop-01__tier2__openrouter_openai_gpt-5.5__tier2_gdb_plus_bash__ctx10__t1,juliet-cwe126-char-alloca-loop-01,openrouter/openai/gpt-5.5,tier2_gdb_plus_bash.json,10,2,1,ok,38.855,0,0,1,1,ok,openrouter/openai/gpt-5,24645,1358,6,"{""nl"": 1, ""run"": 1, ""break"": 1, ""print"": 1, ""grep"": 1, ""echo"": 1}",0
juliet-cwe126-char-alloca-loop-01__tier2__openrouter_qwen_qwen3-30b-a3b-instruct-2507__tier2_gdb_plus_bash__ctx10__t1,juliet-cwe126-char-alloca-loop-01,openrouter/qwen/qwen3-30b-a3b-instruct-2507,tier2_gdb_plus_bash.json,10,2,1,timeout,296.095,-1,0,0,0,ok,openrouter/openai/gpt-5,0,0,0,{},0
juliet-cwe126-char-alloca-loop-01__tier3__openrouter_anthropic_claude-sonnet-4.5__t3_unfenced_cmw__ctx10__t1,juliet-cwe126-char-alloca-loop-01,openrouter/anthropic/claude-sonnet-4.5,t3_unfenced_cmw.json,10,3,1,ok,222.064,0,1,1,1,ok,openrouter/openai/gpt-5,15337,1255,92,"{""info"": 6, ""backtrace"": 3, ""run"": 8, ""start"": 2, ""code"": 13, ""continue"": 9, ""break"": 3, ""set"": 2, ""delete"": 3, ""catch"": 1, ""file"": 1, ""next"": 15, ""list"": 5, ""print"": 15, ""where"": 4, ""step"": 1, ""condition"": 1}",818
juliet-cwe126-char-alloca-loop-01__tier3__openrouter_google_gemini-3.1-flash-lite-preview__t3_unfenced_cmw__ctx10__t1,juliet-cwe126-char-alloca-loop-01,openrouter/google/gemini-3.1-flash-lite-preview,t3_unfenced_cmw.json,10,3,1,ok,56.216,0,1,1,1,ok,openrouter/openai/gpt-5,4084,603,32,"{""list"": 3, ""info"": 2, ""break"": 4, ""run"": 3, ""continue"": 11, ""print"": 6, ""display"": 1, ""delete"": 1, ""step"": 1}",65
juliet-cwe126-char-alloca-loop-01__tier3__openrouter_nvidia_nemotron-3-nano-30b-a3b__t3_unfenced_cmw__ctx10__t1,juliet-cwe126-char-alloca-loop-01,openrouter/nvidia/nemotron-3-nano-30b-a3b,t3_unfenced_cmw.json,10,3,1,ok,165.122,0,1,1,1,ok,openrouter/openai/gpt-5,2643,6282,9,"{""bt"": 1, ""code"": 8}",323
juliet-cwe126-char-alloca-loop-01__tier3__openrouter_openai_gpt-5.5__t3_unfenced_cmw__ctx10__t1,juliet-cwe126-char-alloca-loop-01,openrouter/openai/gpt-5.5,t3_unfenced_cmw.json,10,3,1,ok,167.801,0,1,1,1,ok,openrouter/openai/gpt-5,6236,1772,53,"{""bt"": 3, ""info"": 5, ""code"": 19, ""run"": 2, ""break"": 4, ""list"": 1, ""continue"": 3, ""print"": 14, ""x/120cb"": 1, ""frame"": 1}",1714
juliet-cwe126-char-alloca-loop-01__tier3__openrouter_qwen_qwen3-30b-a3b-instruct-2507__t3_unfenced_cmw__ctx10__t1,juliet-cwe126-char-alloca-loop-01,openrouter/qwen/qwen3-30b-a3b-instruct-2507,t3_unfenced_cmw.json,10,3,1,ok,68.452,0,1,1,1,ok,openrouter/openai/gpt-5,3771,1695,21,"{""info"": 3, ""run"": 2, ""backtrace"": 1, ""code"": 5, ""print"": 7, ""frame"": 3}",372
juliet-cwe126-char-alloca-loop-01__tier4__haiku__tier4_claude_code__ctx10__t1,juliet-cwe126-char-alloca-loop-01,haiku,tier4_claude_code.json,10,4,1,missing_dep,0.0,-1,,,,,,0,0,0,,0
juliet-cwe126-char-alloca-loop-01__tier4__sonnet__tier4_claude_code__ctx10__t1,juliet-cwe126-char-alloca-loop-01,sonnet,tier4_claude_code.json,10,4,1,missing_dep,0.0,-1,,,,,,0,0,0,,0
juliet-cwe415-malloc-free-char-01__tier1__openrouter_anthropic_claude-sonnet-4.5__tier1_bash_only__ctx10__t1,juliet-cwe415-malloc-free-char-01,openrouter/anthropic/claude-sonnet-4.5,tier1_bash_only.json,10,1,1,ok,252.285,0,0,0,0,ok,openrouter/openai/gpt-5,0,0,0,{},0
juliet-cwe415-malloc-free-char-01__tier1__openrouter_google_gemini-3.1-flash-lite-preview__tier1_bash_only__ctx10__t1,juliet-cwe415-malloc-free-char-01,openrouter/google/gemini-3.1-flash-lite-preview,tier1_bash_only.json,10,1,1,ok,10.467,0,1,1,0,ok,openrouter/openai/gpt-5,6270,429,2,"{""ls"": 1, ""echo"": 1}",0
juliet-cwe415-malloc-free-char-01__tier1__openrouter_nvidia_nemotron-3-nano-30b-a3b__tier1_bash_only__ctx10__t1,juliet-cwe415-malloc-free-char-01,openrouter/nvidia/nemotron-3-nano-30b-a3b,tier1_bash_only.json,10,1,1,ok,12.883,0,0,0,0,ok,openrouter/openai/gpt-5,591,1086,1,"{""echo"": 1}",0
juliet-cwe415-malloc-free-char-01__tier1__openrouter_openai_gpt-5.5__tier1_bash_only__ctx10__t1,juliet-cwe415-malloc-free-char-01,openrouter/openai/gpt-5.5,tier1_bash_only.json,10,1,1,ok,26.103,0,1,1,1,ok,openrouter/openai/gpt-5,9780,1109,5,"{""ls"": 1, ""prog;"": 1, ""nl"": 1, ""gdb"": 1, ""echo"": 1}",0
juliet-cwe415-malloc-free-char-01__tier1__openrouter_qwen_qwen3-30b-a3b-instruct-2507__tier1_bash_only__ctx10__t1,juliet-cwe415-malloc-free-char-01,openrouter/qwen/qwen3-30b-a3b-instruct-2507,tier1_bash_only.json,10,1,1,timeout,296.628,-1,0,0,0,ok,openrouter/openai/gpt-5,0,0,0,{},0
juliet-cwe415-malloc-free-char-01__tier2__openrouter_anthropic_claude-sonnet-4.5__tier2_gdb_plus_bash__ctx10__t1,juliet-cwe415-malloc-free-char-01,openrouter/anthropic/claude-sonnet-4.5,tier2_gdb_plus_bash.json,10,2,1,ok,254.803,0,0,0,0,ok,openrouter/openai/gpt-5,0,0,0,{},0
juliet-cwe415-malloc-free-char-01__tier2__openrouter_google_gemini-3.1-flash-lite-preview__tier2_gdb_plus_bash__ctx10__t1,juliet-cwe415-malloc-free-char-01,openrouter/google/gemini-3.1-flash-lite-preview,tier2_gdb_plus_bash.json,10,2,1,ok,12.218,0,1,1,1,ok,openrouter/openai/gpt-5,8154,235,3,"{""nl"": 1, ""run"": 1, ""echo"": 1}",0
juliet-cwe415-malloc-free-char-01__tier2__openrouter_nvidia_nemotron-3-nano-30b-a3b__tier2_gdb_plus_bash__ctx10__t1,juliet-cwe415-malloc-free-char-01,openrouter/nvidia/nemotron-3-nano-30b-a3b,tier2_gdb_plus_bash.json,10,2,1,ok,13.483,0,1,1,1,ok,openrouter/openai/gpt-5,9211,1016,3,"{""prog"": 1, ""nl"": 1, ""echo"": 1}",0
juliet-cwe415-malloc-free-char-01__tier2__openrouter_openai_gpt-5.5__tier2_gdb_plus_bash__ctx10__t1,juliet-cwe415-malloc-free-char-01,openrouter/openai/gpt-5.5,tier2_gdb_plus_bash.json,10,2,1,ok,33.851,0,1,1,1,ok,openrouter/openai/gpt-5,12649,916,4,"{""nl"": 1, ""run"": 1, ""break"": 1, ""echo"": 1}",0
juliet-cwe415-malloc-free-char-01__tier2__openrouter_qwen_qwen3-30b-a3b-instruct-2507__tier2_gdb_plus_bash__ctx10__t1,juliet-cwe415-malloc-free-char-01,openrouter/qwen/qwen3-30b-a3b-instruct-2507,tier2_gdb_plus_bash.json,10,2,1,ok,8.885,0,1,0,0,ok,openrouter/openai/gpt-5,8058,396,3,"{""nl"": 1, ""run"": 1, ""echo"": 1}",0
juliet-cwe415-malloc-free-char-01__tier3__openrouter_anthropic_claude-sonnet-4.5__t3_unfenced_cmw__ctx10__t1,juliet-cwe415-malloc-free-char-01,openrouter/anthropic/claude-sonnet-4.5,t3_unfenced_cmw.json,10,3,1,timeout,298.754,-1,0,0,0,ok,openrouter/openai/gpt-5,0,0,0,{},0
juliet-cwe415-malloc-free-char-01__tier3__openrouter_google_gemini-3.1-flash-lite-preview__t3_unfenced_cmw__ctx10__t1,juliet-cwe415-malloc-free-char-01,openrouter/google/gemini-3.1-flash-lite-preview,t3_unfenced_cmw.json,10,3,1,ok,35.317,0,1,1,0,ok,openrouter/openai/gpt-5,3350,505,29,"{""list"": 2, ""break"": 4, ""run"": 3, ""next"": 4, ""step"": 10, ""continue"": 3, ""n"": 1, ""print"": 2}",320
juliet-cwe415-malloc-free-char-01__tier3__openrouter_nvidia_nemotron-3-nano-30b-a3b__t3_unfenced_cmw__ctx10__t1,juliet-cwe415-malloc-free-char-01,openrouter/nvidia/nemotron-3-nano-30b-a3b,t3_unfenced_cmw.json,10,3,1,ok,43.203,0,1,1,1,ok,openrouter/openai/gpt-5,2548,2302,8,"{""run"": 1, ""code"": 6, ""bt"": 1}",299
juliet-cwe415-malloc-free-char-01__tier3__openrouter_openai_gpt-5.5__t3_unfenced_cmw__ctx10__t1,juliet-cwe415-malloc-free-char-01,openrouter/openai/gpt-5.5,t3_unfenced_cmw.json,10,3,1,ok,117.059,0,1,1,1,ok,openrouter/openai/gpt-5,5899,1306,35,"{""bt"": 3, ""info"": 3, ""run"": 2, ""code"": 18, ""break"": 1, ""next"": 5, ""print"": 3}",1207
juliet-cwe415-malloc-free-char-01__tier3__openrouter_qwen_qwen3-30b-a3b-instruct-2507__t3_unfenced_cmw__ctx10__t1,juliet-cwe415-malloc-free-char-01,openrouter/qwen/qwen3-30b-a3b-instruct-2507,t3_unfenced_cmw.json,10,3,1,no_collect,23.709,0,0,0,0,ok,openrouter/openai/gpt-5,0,0,0,{},0
juliet-cwe415-malloc-free-char-01__tier4__haiku__tier4_claude_code__ctx10__t1,juliet-cwe415-malloc-free-char-01,haiku,tier4_claude_code.json,10,4,1,missing_dep,0.0,-1,,,,,,0,0,0,,0
juliet-cwe415-malloc-free-char-01__tier4__sonnet__tier4_claude_code__ctx10__t1,juliet-cwe415-malloc-free-char-01,sonnet,tier4_claude_code.json,10,4,1,missing_dep,0.0,-1,,,,,,0,0,0,,0
juliet-cwe416-malloc-free-char-01__tier1__openrouter_anthropic_claude-sonnet-4.5__tier1_bash_only__ctx10__t1,juliet-cwe416-malloc-free-char-01,openrouter/anthropic/claude-sonnet-4.5,tier1_bash_only.json,10,1,1,ok,252.515,0,0,0,0,ok,openrouter/openai/gpt-5,0,0,0,{},0
juliet-cwe416-malloc-free-char-01__tier1__openrouter_google_gemini-3.1-flash-lite-preview__tier1_bash_only__ctx10__t1,juliet-cwe416-malloc-free-char-01,openrouter/google/gemini-3.1-flash-lite-preview,tier1_bash_only.json,10,1,1,ok,9.917,0,0,0,1,ok,openrouter/openai/gpt-5,7110,455,2,"{""ls"": 1, ""echo"": 1}",0
juliet-cwe416-malloc-free-char-01__tier1__openrouter_nvidia_nemotron-3-nano-30b-a3b__tier1_bash_only__ctx10__t1,juliet-cwe416-malloc-free-char-01,openrouter/nvidia/nemotron-3-nano-30b-a3b,tier1_bash_only.json,10,1,1,ok,13.261,0,0,0,1,ok,openrouter/openai/gpt-5,591,1137,1,"{""echo"": 1}",0
juliet-cwe416-malloc-free-char-01__tier1__openrouter_openai_gpt-5.5__tier1_bash_only__ctx10__t1,juliet-cwe416-malloc-free-char-01,openrouter/openai/gpt-5.5,tier1_bash_only.json,10,1,1,ok,29.132,0,1,1,1,ok,openrouter/openai/gpt-5,12075,1157,4,"{""ls"": 1, ""prog;"": 1, ""echo"": 2}",0
juliet-cwe416-malloc-free-char-01__tier1__openrouter_qwen_qwen3-30b-a3b-instruct-2507__tier1_bash_only__ctx10__t1,juliet-cwe416-malloc-free-char-01,openrouter/qwen/qwen3-30b-a3b-instruct-2507,tier1_bash_only.json,10,1,1,ok,137.878,0,0,0,0,no_prose_synthesis,openrouter/openai/gpt-5,19265,127,5,"{""ls"": 1, ""cat"": 1, ""prog"": 1, ""gdb"": 1, ""echo"": 1}",0
juliet-cwe416-malloc-free-char-01__tier2__openrouter_anthropic_claude-sonnet-4.5__tier2_gdb_plus_bash__ctx10__t1,juliet-cwe416-malloc-free-char-01,openrouter/anthropic/claude-sonnet-4.5,tier2_gdb_plus_bash.json,10,2,1,ok,255.341,0,0,0,0,ok,openrouter/openai/gpt-5,0,0,0,{},0
juliet-cwe416-malloc-free-char-01__tier2__openrouter_google_gemini-3.1-flash-lite-preview__tier2_gdb_plus_bash__ctx10__t1,juliet-cwe416-malloc-free-char-01,openrouter/google/gemini-3.1-flash-lite-preview,tier2_gdb_plus_bash.json,10,2,1,timeout,293.872,-1,0,0,0,ok,openrouter/openai/gpt-5,0,0,0,{},0
juliet-cwe416-malloc-free-char-01__tier2__openrouter_nvidia_nemotron-3-nano-30b-a3b__tier2_gdb_plus_bash__ctx10__t1,juliet-cwe416-malloc-free-char-01,openrouter/nvidia/nemotron-3-nano-30b-a3b,tier2_gdb_plus_bash.json,10,2,1,timeout,297.461,-1,0,0,0,ok,openrouter/openai/gpt-5,0,0,0,{},0
juliet-cwe416-malloc-free-char-01__tier2__openrouter_openai_gpt-5.5__tier2_gdb_plus_bash__ctx10__t1,juliet-cwe416-malloc-free-char-01,openrouter/openai/gpt-5.5,tier2_gdb_plus_bash.json,10,2,1,ok,32.667,0,1,1,1,ok,openrouter/openai/gpt-5,12996,881,4,"{""nl"": 1, ""run"": 1, ""break"": 1, ""echo"": 1}",0
juliet-cwe416-malloc-free-char-01__tier2__openrouter_qwen_qwen3-30b-a3b-instruct-2507__tier2_gdb_plus_bash__ctx10__t1,juliet-cwe416-malloc-free-char-01,openrouter/qwen/qwen3-30b-a3b-instruct-2507,tier2_gdb_plus_bash.json,10,2,1,timeout,297.123,-1,0,0,0,ok,openrouter/openai/gpt-5,0,0,0,{},0
juliet-cwe416-malloc-free-char-01__tier3__openrouter_anthropic_claude-sonnet-4.5__t3_unfenced_cmw__ctx10__t1,juliet-cwe416-malloc-free-char-01,openrouter/anthropic/claude-sonnet-4.5,t3_unfenced_cmw.json,10,3,1,ok,154.547,0,1,1,1,ok,openrouter/openai/gpt-5,12937,1558,54,"{""info"": 6, ""backtrace"": 2, ""run"": 2, ""start"": 3, ""code"": 8, ""list"": 6, ""break"": 4, ""continue"": 7, ""where"": 6, ""delete"": 1, ""print"": 2, ""step"": 1, ""catch"": 2, ""x/10i"": 1, ""next"": 1, ""frame"": 1, ""x/32xb"": 1}",1960
juliet-cwe416-malloc-free-char-01__tier3__openrouter_google_gemini-3.1-flash-lite-preview__t3_unfenced_cmw__ctx10__t1,juliet-cwe416-malloc-free-char-01,openrouter/google/gemini-3.1-flash-lite-preview,t3_unfenced_cmw.json,10,3,1,ok,40.645,0,1,1,1,ok,openrouter/openai/gpt-5,3551,429,29,"{""list"": 4, ""break"": 5, ""run"": 5, ""code"": 3, ""step"": 4, ""search"": 1, ""grep"": 1, ""continue"": 3, ""print"": 3}",176
juliet-cwe416-malloc-free-char-01__tier3__openrouter_nvidia_nemotron-3-nano-30b-a3b__t3_unfenced_cmw__ctx10__t1,juliet-cwe416-malloc-free-char-01,openrouter/nvidia/nemotron-3-nano-30b-a3b,t3_unfenced_cmw.json,10,3,1,ok,62.364,0,0,0,0,no_prose_synthesis,openrouter/openai/gpt-5,0,0,4,"{""bt"": 1, ""info"": 1, ""code"": 2}",0
juliet-cwe416-malloc-free-char-01__tier3__openrouter_openai_gpt-5.5__t3_unfenced_cmw__ctx10__t1,juliet-cwe416-malloc-free-char-01,openrouter/openai/gpt-5.5,t3_unfenced_cmw.json,10,3,1,ok,111.412,0,1,1,1,ok,openrouter/openai/gpt-5,5831,1862,29,"{""bt"": 4, ""info"": 4, ""list"": 3, ""run"": 2, ""break"": 1, ""next"": 7, ""print"": 5, ""x/16bx"": 1, ""code"": 2}",2263
juliet-cwe416-malloc-free-char-01__tier3__openrouter_qwen_qwen3-30b-a3b-instruct-2507__t3_unfenced_cmw__ctx10__t1,juliet-cwe416-malloc-free-char-01,openrouter/qwen/qwen3-30b-a3b-instruct-2507,t3_unfenced_cmw.json,10,3,1,ok,14.13,0,0,0,0,no_prose_synthesis,openrouter/openai/gpt-5,1421,19,4,"{""info"": 1, ""list"": 1, ""code"": 1, ""break"": 1}",0
juliet-cwe416-malloc-free-char-01__tier4__haiku__tier4_claude_code__ctx10__t1,juliet-cwe416-malloc-free-char-01,haiku,tier4_claude_code.json,10,4,1,missing_dep,0.0,-1,,,,,,0,0,0,,0
juliet-cwe416-malloc-free-char-01__tier4__sonnet__tier4_claude_code__ctx10__t1,juliet-cwe416-malloc-free-char-01,sonnet,tier4_claude_code.json,10,4,1,missing_dep,0.0,-1,,,,,,0,0,0,,0
