suite,run_id,case_id,model,tool_config,context_lines,trial,status,elapsed_s,language,debugged_binary,valid_target,is_synthetic,n_tool_calls,tool_freq,tokens,prompt_tokens,completion_tokens,resp_len,has_recommendation_section,ends_with_questions,bug_category,bug_error_type,truth_file,truth_line,truth_function,file_mentioned,line_mentioned,func_mentioned,any_truth_file_mentioned,run_dir
__test_step1__,cleanenv_13892_1,null-deref-env,m,all_tools.json,10,1,no_collect,0.0,c,,False,False,0,{},,,,0,False,False,null_deref,missing_null_check,program.c,13.0,,False,False,False,False,/Users/ibraheemamin/Documents/cos484-final-project/chatdbgpro/bench/results/__test_step1__/cleanenv_13892_1
__test_step1__,compilefail_13892_2,off-by-one-crc,m,all_tools.json,10,1,compile_failed,0.0,c,,False,False,0,{},,,,0,False,False,off_by_one,buffer_overread,program.c,11.0,,False,False,False,False,/Users/ibraheemamin/Documents/cos484-final-project/chatdbgpro/bench/results/__test_step1__/compilefail_13892_2
__test_step1__,dryrun_13892_3,off-by-one-crc,m,all_tools.json,10,1,dry_run,0.0,c,,False,False,0,{},,,,0,False,False,off_by_one,buffer_overread,program.c,11.0,,False,False,False,False,/Users/ibraheemamin/Documents/cos484-final-project/chatdbgpro/bench/results/__test_step1__/dryrun_13892_3
__test_step1__,happy_gdb_13892_6,off-by-one-crc,m,all_tools.json,10,1,no_collect,0.0,c,,False,False,0,{},,,,0,False,False,off_by_one,buffer_overread,program.c,11.0,,False,False,False,False,/Users/ibraheemamin/Documents/cos484-final-project/chatdbgpro/bench/results/__test_step1__/happy_gdb_13892_6
__test_step1__,happy_lldb_13892_7,off-by-one-crc,fake-model,all_tools.json,10,1,ok,0.0,c,,False,False,0,{},,,,0,False,False,off_by_one,buffer_overread,program.c,11.0,,False,False,False,False,/Users/ibraheemamin/Documents/cos484-final-project/chatdbgpro/bench/results/__test_step1__/happy_lldb_13892_7
__test_step1__,nocollect_13892_4,off-by-one-crc,m,all_tools.json,10,1,no_collect,0.0,c,,False,False,0,{},,,,0,False,False,off_by_one,buffer_overread,program.c,11.0,,False,False,False,False,/Users/ibraheemamin/Documents/cos484-final-project/chatdbgpro/bench/results/__test_step1__/nocollect_13892_4
__test_step1__,timeout_13892_5,off-by-one-crc,m,all_tools.json,10,1,timeout,0.0,c,,False,False,0,{},,,,0,False,False,off_by_one,buffer_overread,program.c,11.0,,False,False,False,False,/Users/ibraheemamin/Documents/cos484-final-project/chatdbgpro/bench/results/__test_step1__/timeout_13892_5
full-synthetic-v1-stripped,double-free-errpath__tier3__openrouter_nvidia_nemotron-3-nano-30b-a3b__tier3_gdb_only__ctx10__t1,double-free-errpath,openrouter/nvidia/nemotron-3-nano-30b-a3b,tier3_gdb_only.json,10,1,ok,73.826,c,./build/prog,True,True,0,{},5229.0,1568.0,3661.0,5856,True,False,double_free,dangling_member,program.c,23.0,,False,False,False,False,/Users/ibraheemamin/Documents/cos484-final-project/chatdbgpro/bench/results/full-synthetic-v1-stripped/double-free-errpath__tier3__openrouter_nvidia_nemotron-3-nano-30b-a3b__tier3_gdb_only__ctx10__t1
full-synthetic-v1-stripped,double-free-errpath__tier3__openrouter_qwen_qwen3-30b-a3b-instruct-2507__tier3_gdb_only__ctx10__t1,double-free-errpath,openrouter/qwen/qwen3-30b-a3b-instruct-2507,tier3_gdb_only.json,10,1,ok,29.07,c,./build/prog,True,True,11,"{""frame"": 5, ""code"": 4, ""definition"": 2}",4646.0,2739.0,1907.0,7068,True,False,double_free,dangling_member,program.c,23.0,,False,True,False,False,/Users/ibraheemamin/Documents/cos484-final-project/chatdbgpro/bench/results/full-synthetic-v1-stripped/double-free-errpath__tier3__openrouter_qwen_qwen3-30b-a3b-instruct-2507__tier3_gdb_only__ctx10__t1
full-synthetic-v1-stripped,heap-overflow-csv__tier3__openrouter_nvidia_nemotron-3-nano-30b-a3b__tier3_gdb_only__ctx10__t1,heap-overflow-csv,openrouter/nvidia/nemotron-3-nano-30b-a3b,tier3_gdb_only.json,10,1,ok,37.482,c,./build/prog,True,True,1,"{""code"": 1}",3227.0,1742.0,1485.0,3389,True,False,heap_overflow,off_by_one_write,program.c,12.0,,False,False,False,False,/Users/ibraheemamin/Documents/cos484-final-project/chatdbgpro/bench/results/full-synthetic-v1-stripped/heap-overflow-csv__tier3__openrouter_nvidia_nemotron-3-nano-30b-a3b__tier3_gdb_only__ctx10__t1
full-synthetic-v1-stripped,heap-overflow-csv__tier3__openrouter_qwen_qwen3-30b-a3b-instruct-2507__tier3_gdb_only__ctx10__t1,heap-overflow-csv,openrouter/qwen/qwen3-30b-a3b-instruct-2507,tier3_gdb_only.json,10,1,ok,24.324,c,./build/prog,True,True,14,"{""frame"": 9, ""code"": 2, ""definition"": 3}",3645.0,2552.0,1093.0,4038,True,False,heap_overflow,off_by_one_write,program.c,12.0,,False,False,False,False,/Users/ibraheemamin/Documents/cos484-final-project/chatdbgpro/bench/results/full-synthetic-v1-stripped/heap-overflow-csv__tier3__openrouter_qwen_qwen3-30b-a3b-instruct-2507__tier3_gdb_only__ctx10__t1
full-synthetic-v1-stripped,intoverflow-alloc__tier3__openrouter_nvidia_nemotron-3-nano-30b-a3b__tier3_gdb_only__ctx10__t1,intoverflow-alloc,openrouter/nvidia/nemotron-3-nano-30b-a3b,tier3_gdb_only.json,10,1,ok,72.736,cpp,./build/prog,True,True,2,"{""frame"": 1, ""definition"": 1}",4238.0,1466.0,2772.0,5167,True,False,integer_overflow,allocation_size_overflow,program.cpp,17.0,,False,True,False,False,/Users/ibraheemamin/Documents/cos484-final-project/chatdbgpro/bench/results/full-synthetic-v1-stripped/intoverflow-alloc__tier3__openrouter_nvidia_nemotron-3-nano-30b-a3b__tier3_gdb_only__ctx10__t1
full-synthetic-v1-stripped,intoverflow-alloc__tier3__openrouter_qwen_qwen3-30b-a3b-instruct-2507__tier3_gdb_only__ctx10__t1,intoverflow-alloc,openrouter/qwen/qwen3-30b-a3b-instruct-2507,tier3_gdb_only.json,10,1,ok,115.755,cpp,./build/prog,True,True,7,"{""print"": 4, ""code"": 2, ""definition"": 1}",8706.0,1878.0,6828.0,18499,True,False,integer_overflow,allocation_size_overflow,program.cpp,17.0,,False,True,False,False,/Users/ibraheemamin/Documents/cos484-final-project/chatdbgpro/bench/results/full-synthetic-v1-stripped/intoverflow-alloc__tier3__openrouter_qwen_qwen3-30b-a3b-instruct-2507__tier3_gdb_only__ctx10__t1
full-synthetic-v1-stripped,null-deref-env__tier3__openrouter_nvidia_nemotron-3-nano-30b-a3b__tier3_gdb_only__ctx10__t1,null-deref-env,openrouter/nvidia/nemotron-3-nano-30b-a3b,tier3_gdb_only.json,10,1,ok,22.098,c,./build/prog,True,True,0,{},3193.0,1589.0,1604.0,6113,True,False,null_deref,missing_null_check,program.c,13.0,,False,True,False,False,/Users/ibraheemamin/Documents/cos484-final-project/chatdbgpro/bench/results/full-synthetic-v1-stripped/null-deref-env__tier3__openrouter_nvidia_nemotron-3-nano-30b-a3b__tier3_gdb_only__ctx10__t1
full-synthetic-v1-stripped,null-deref-env__tier3__openrouter_qwen_qwen3-30b-a3b-instruct-2507__tier3_gdb_only__ctx10__t1,null-deref-env,openrouter/qwen/qwen3-30b-a3b-instruct-2507,tier3_gdb_only.json,10,1,ok,29.94,c,./build/prog,True,True,9,"{""frame"": 4, ""definition"": 1, ""code"": 2, ""expr"": 2}",3540.0,2300.0,1240.0,4782,True,False,null_deref,missing_null_check,program.c,13.0,,False,True,False,False,/Users/ibraheemamin/Documents/cos484-final-project/chatdbgpro/bench/results/full-synthetic-v1-stripped/null-deref-env__tier3__openrouter_qwen_qwen3-30b-a3b-instruct-2507__tier3_gdb_only__ctx10__t1
full-synthetic-v1-stripped,off-by-one-crc__tier3__openrouter_nvidia_nemotron-3-nano-30b-a3b__tier3_gdb_only__ctx10__t1,off-by-one-crc,openrouter/nvidia/nemotron-3-nano-30b-a3b,tier3_gdb_only.json,10,1,ok,36.917,c,./build/prog,True,True,0,{},3966.0,1715.0,2251.0,3483,True,False,off_by_one,buffer_overread,program.c,11.0,,True,True,False,True,/Users/ibraheemamin/Documents/cos484-final-project/chatdbgpro/bench/results/full-synthetic-v1-stripped/off-by-one-crc__tier3__openrouter_nvidia_nemotron-3-nano-30b-a3b__tier3_gdb_only__ctx10__t1
full-synthetic-v1-stripped,off-by-one-crc__tier3__openrouter_qwen_qwen3-30b-a3b-instruct-2507__tier3_gdb_only__ctx10__t1,off-by-one-crc,openrouter/qwen/qwen3-30b-a3b-instruct-2507,tier3_gdb_only.json,10,1,ok,21.934,c,./build/prog,True,True,11,"{""frame"": 4, ""code"": 1, ""definition"": 1, ""fr"": 3, ""expr"": 1, ""disassemble"": 1}",2927.0,2420.0,507.0,1853,True,False,off_by_one,buffer_overread,program.c,11.0,,False,False,False,False,/Users/ibraheemamin/Documents/cos484-final-project/chatdbgpro/bench/results/full-synthetic-v1-stripped/off-by-one-crc__tier3__openrouter_qwen_qwen3-30b-a3b-instruct-2507__tier3_gdb_only__ctx10__t1
full-synthetic-v1-stripped,signed-unsigned-loop__tier3__openrouter_nvidia_nemotron-3-nano-30b-a3b__tier3_gdb_only__ctx10__t1,signed-unsigned-loop,openrouter/nvidia/nemotron-3-nano-30b-a3b,tier3_gdb_only.json,10,1,ok,40.845,cpp,./build/prog,True,True,0,{},4454.0,1623.0,2831.0,6537,True,False,signed_unsigned,unsigned_underflow,program.cpp,10.0,,False,True,False,False,/Users/ibraheemamin/Documents/cos484-final-project/chatdbgpro/bench/results/full-synthetic-v1-stripped/signed-unsigned-loop__tier3__openrouter_nvidia_nemotron-3-nano-30b-a3b__tier3_gdb_only__ctx10__t1
full-synthetic-v1-stripped,signed-unsigned-loop__tier3__openrouter_qwen_qwen3-30b-a3b-instruct-2507__tier3_gdb_only__ctx10__t1,signed-unsigned-loop,openrouter/qwen/qwen3-30b-a3b-instruct-2507,tier3_gdb_only.json,10,1,ok,27.853,cpp,./build/prog,True,True,9,"{""frame"": 4, ""code"": 2, ""definition"": 1, ""thread"": 1, ""expr"": 1}",3762.0,2277.0,1485.0,5414,True,False,signed_unsigned,unsigned_underflow,program.cpp,10.0,,False,True,False,False,/Users/ibraheemamin/Documents/cos484-final-project/chatdbgpro/bench/results/full-synthetic-v1-stripped/signed-unsigned-loop__tier3__openrouter_qwen_qwen3-30b-a3b-instruct-2507__tier3_gdb_only__ctx10__t1
full-synthetic-v1-stripped,uaf-linked-list__tier3__openrouter_nvidia_nemotron-3-nano-30b-a3b__tier3_gdb_only__ctx10__t1,uaf-linked-list,openrouter/nvidia/nemotron-3-nano-30b-a3b,tier3_gdb_only.json,10,1,ok,29.771,cpp,./build/prog,True,True,0,{},3465.0,1515.0,1950.0,4953,True,False,use_after_free,iterator_invalidation,program.cpp,12.0,,False,True,False,False,/Users/ibraheemamin/Documents/cos484-final-project/chatdbgpro/bench/results/full-synthetic-v1-stripped/uaf-linked-list__tier3__openrouter_nvidia_nemotron-3-nano-30b-a3b__tier3_gdb_only__ctx10__t1
full-synthetic-v1-stripped,uaf-linked-list__tier3__openrouter_qwen_qwen3-30b-a3b-instruct-2507__tier3_gdb_only__ctx10__t1,uaf-linked-list,openrouter/qwen/qwen3-30b-a3b-instruct-2507,tier3_gdb_only.json,10,1,ok,23.618,cpp,./build/prog,True,True,10,"{""frame"": 6, ""print"": 4}",3288.0,1875.0,1413.0,5382,True,False,use_after_free,iterator_invalidation,program.cpp,12.0,,False,False,False,False,/Users/ibraheemamin/Documents/cos484-final-project/chatdbgpro/bench/results/full-synthetic-v1-stripped/uaf-linked-list__tier3__openrouter_qwen_qwen3-30b-a3b-instruct-2507__tier3_gdb_only__ctx10__t1
full-synthetic-v1-stripped,uninit-stack-accumulator__tier3__openrouter_nvidia_nemotron-3-nano-30b-a3b__tier3_gdb_only__ctx10__t1,uninit-stack-accumulator,openrouter/nvidia/nemotron-3-nano-30b-a3b,tier3_gdb_only.json,10,1,compile_failed,0.0,c,,False,True,0,{},,,,0,False,False,uninitialized_memory,uninit_read,program.c,6.0,,False,False,False,False,/Users/ibraheemamin/Documents/cos484-final-project/chatdbgpro/bench/results/full-synthetic-v1-stripped/uninit-stack-accumulator__tier3__openrouter_nvidia_nemotron-3-nano-30b-a3b__tier3_gdb_only__ctx10__t1
full-synthetic-v1-stripped,uninit-stack-accumulator__tier3__openrouter_qwen_qwen3-30b-a3b-instruct-2507__tier3_gdb_only__ctx10__t1,uninit-stack-accumulator,openrouter/qwen/qwen3-30b-a3b-instruct-2507,tier3_gdb_only.json,10,1,compile_failed,0.0,c,,False,True,0,{},,,,0,False,False,uninitialized_memory,uninit_read,program.c,6.0,,False,False,False,False,/Users/ibraheemamin/Documents/cos484-final-project/chatdbgpro/bench/results/full-synthetic-v1-stripped/uninit-stack-accumulator__tier3__openrouter_qwen_qwen3-30b-a3b-instruct-2507__tier3_gdb_only__ctx10__t1
nemotron-full,berry-1__tier3__openrouter_nvidia_nemotron-nano-9b-v2__tier3_gdb_only__ctx10__t1,berry-1,openrouter/nvidia/nemotron-nano-9b-v2,tier3_gdb_only.json,10,1,ok,58.584,c,/usr/bin/find,False,False,1,"{""bt"": 1}",2555.0,828.0,1727.0,2545,True,False,,,be_vm.c,743.0,,False,False,False,False,/Users/ibraheemamin/Documents/cos484-final-project/chatdbgpro/bench/results/nemotron-full/berry-1__tier3__openrouter_nvidia_nemotron-nano-9b-v2__tier3_gdb_only__ctx10__t1
nemotron-full,berry-2__tier3__openrouter_nvidia_nemotron-nano-9b-v2__tier3_gdb_only__ctx10__t1,berry-2,openrouter/nvidia/nemotron-nano-9b-v2,tier3_gdb_only.json,10,1,ok,43.186,c,/usr/bin/find,False,False,1,"{""backtrace"": 1}",1487.0,729.0,758.0,480,False,False,,,be_code.c,578.0,,False,False,False,False,/Users/ibraheemamin/Documents/cos484-final-project/chatdbgpro/bench/results/nemotron-full/berry-2__tier3__openrouter_nvidia_nemotron-nano-9b-v2__tier3_gdb_only__ctx10__t1
nemotron-full,berry-3__tier3__openrouter_nvidia_nemotron-nano-9b-v2__tier3_gdb_only__ctx10__t1,berry-3,openrouter/nvidia/nemotron-nano-9b-v2,tier3_gdb_only.json,10,1,ok,39.451,c,/usr/bin/find,False,False,1,"{""backtrace"": 1}",1742.0,729.0,1013.0,817,False,False,,,be_parser.c,1420.0,,False,False,False,False,/Users/ibraheemamin/Documents/cos484-final-project/chatdbgpro/bench/results/nemotron-full/berry-3__tier3__openrouter_nvidia_nemotron-nano-9b-v2__tier3_gdb_only__ctx10__t1
nemotron-full,berry-4__tier3__openrouter_nvidia_nemotron-nano-9b-v2__tier3_gdb_only__ctx10__t1,berry-4,openrouter/nvidia/nemotron-nano-9b-v2,tier3_gdb_only.json,10,1,ok,44.838,c,/usr/bin/find,False,False,1,"{""bt"": 1}",3018.0,829.0,2189.0,2076,True,False,,,be_strlib.c,512.0,,False,False,False,False,/Users/ibraheemamin/Documents/cos484-final-project/chatdbgpro/bench/results/nemotron-full/berry-4__tier3__openrouter_nvidia_nemotron-nano-9b-v2__tier3_gdb_only__ctx10__t1
nemotron-full,berry-5__tier3__openrouter_nvidia_nemotron-nano-9b-v2__tier3_gdb_only__ctx10__t1,berry-5,openrouter/nvidia/nemotron-nano-9b-v2,tier3_gdb_only.json,10,1,ok,40.116,c,/usr/bin/find,False,False,2,"{""info"": 1, ""code"": 1}",2487.0,1656.0,831.0,1833,True,False,,,be_code.c,317.0,,False,False,False,False,/Users/ibraheemamin/Documents/cos484-final-project/chatdbgpro/bench/results/nemotron-full/berry-5__tier3__openrouter_nvidia_nemotron-nano-9b-v2__tier3_gdb_only__ctx10__t1
nemotron-full,coreutils-1__tier3__openrouter_nvidia_nemotron-nano-9b-v2__tier3_gdb_only__ctx10__t1,coreutils-1,openrouter/nvidia/nemotron-nano-9b-v2,tier3_gdb_only.json,10,1,ok,41.461,c,/usr/bin/make,False,False,1,"{""bt"": 1}",2053.0,913.0,1140.0,706,False,False,,,split.c,982.0,,False,False,False,False,/Users/ibraheemamin/Documents/cos484-final-project/chatdbgpro/bench/results/nemotron-full/coreutils-1__tier3__openrouter_nvidia_nemotron-nano-9b-v2__tier3_gdb_only__ctx10__t1
nemotron-full,coreutils-2__tier3__openrouter_nvidia_nemotron-nano-9b-v2__tier3_gdb_only__ctx10__t1,coreutils-2,openrouter/nvidia/nemotron-nano-9b-v2,tier3_gdb_only.json,10,1,ok,47.154,c,/usr/bin/make,False,False,2,"{""bt"": 1, ""code"": 1}",2879.0,1491.0,1388.0,3239,True,False,,,pr.c,1233.0,,False,False,False,False,/Users/ibraheemamin/Documents/cos484-final-project/chatdbgpro/bench/results/nemotron-full/coreutils-2__tier3__openrouter_nvidia_nemotron-nano-9b-v2__tier3_gdb_only__ctx10__t1
nemotron-full,cpp_peglib-10__tier3__openrouter_nvidia_nemotron-nano-9b-v2__tier3_gdb_only__ctx10__t1,cpp_peglib-10,openrouter/nvidia/nemotron-nano-9b-v2,tier3_gdb_only.json,10,1,ok,45.047,c,/usr/bin/find,False,False,1,"{""info"": 1}",3815.0,1322.0,2493.0,1725,True,False,,,peglib.h,827.0,,False,False,False,False,/Users/ibraheemamin/Documents/cos484-final-project/chatdbgpro/bench/results/nemotron-full/cpp_peglib-10__tier3__openrouter_nvidia_nemotron-nano-9b-v2__tier3_gdb_only__ctx10__t1
nemotron-full,cpp_peglib-2__tier3__openrouter_nvidia_nemotron-nano-9b-v2__tier3_gdb_only__ctx10__t1,cpp_peglib-2,openrouter/nvidia/nemotron-nano-9b-v2,tier3_gdb_only.json,10,1,ok,76.84,c,/usr/bin/find,False,False,3,"{""info"": 1, ""code"": 1, ""bt"": 1}",3964.0,2629.0,1335.0,5095,True,False,,,peglib.h,2477.0,,False,False,False,False,/Users/ibraheemamin/Documents/cos484-final-project/chatdbgpro/bench/results/nemotron-full/cpp_peglib-2__tier3__openrouter_nvidia_nemotron-nano-9b-v2__tier3_gdb_only__ctx10__t1
nemotron-full,cpp_peglib-3__tier3__openrouter_nvidia_nemotron-nano-9b-v2__tier3_gdb_only__ctx10__t1,cpp_peglib-3,openrouter/nvidia/nemotron-nano-9b-v2,tier3_gdb_only.json,10,1,ok,37.06,c,/usr/bin/find,False,False,2,"{""backtrace"": 1, ""info"": 1}",2434.0,1401.0,1033.0,1834,True,False,,,peglib.h,3937.0,,False,False,False,False,/Users/ibraheemamin/Documents/cos484-final-project/chatdbgpro/bench/results/nemotron-full/cpp_peglib-3__tier3__openrouter_nvidia_nemotron-nano-9b-v2__tier3_gdb_only__ctx10__t1
nemotron-full,cpp_peglib-4__tier3__openrouter_nvidia_nemotron-nano-9b-v2__tier3_gdb_only__ctx10__t1,cpp_peglib-4,openrouter/nvidia/nemotron-nano-9b-v2,tier3_gdb_only.json,10,1,ok,36.441,c,/usr/bin/find,False,False,1,"{""backtrace"": 1}",1545.0,729.0,816.0,463,False,False,,,peglib.h,2498.0,,False,False,False,False,/Users/ibraheemamin/Documents/cos484-final-project/chatdbgpro/bench/results/nemotron-full/cpp_peglib-4__tier3__openrouter_nvidia_nemotron-nano-9b-v2__tier3_gdb_only__ctx10__t1
nemotron-full,cpp_peglib-5__tier3__openrouter_nvidia_nemotron-nano-9b-v2__tier3_gdb_only__ctx10__t1,cpp_peglib-5,openrouter/nvidia/nemotron-nano-9b-v2,tier3_gdb_only.json,10,1,ok,44.787,c,/usr/bin/find,False,False,2,"{""backtrace"": 1, ""info"": 1}",2800.0,1399.0,1401.0,1727,True,False,,,peglib.h,2374.0,,False,False,False,False,/Users/ibraheemamin/Documents/cos484-final-project/chatdbgpro/bench/results/nemotron-full/cpp_peglib-5__tier3__openrouter_nvidia_nemotron-nano-9b-v2__tier3_gdb_only__ctx10__t1
nemotron-full,cpp_peglib-6__tier3__openrouter_nvidia_nemotron-nano-9b-v2__tier3_gdb_only__ctx10__t1,cpp_peglib-6,openrouter/nvidia/nemotron-nano-9b-v2,tier3_gdb_only.json,10,1,ok,35.254,c,/usr/bin/find,False,False,1,"{""backtrace"": 1}",2049.0,729.0,1320.0,1089,False,False,,,peglib.h,2029.0,,False,False,False,False,/Users/ibraheemamin/Documents/cos484-final-project/chatdbgpro/bench/results/nemotron-full/cpp_peglib-6__tier3__openrouter_nvidia_nemotron-nano-9b-v2__tier3_gdb_only__ctx10__t1
nemotron-full,cpp_peglib-7__tier3__openrouter_nvidia_nemotron-nano-9b-v2__tier3_gdb_only__ctx10__t1,cpp_peglib-7,openrouter/nvidia/nemotron-nano-9b-v2,tier3_gdb_only.json,10,1,ok,62.668,c,/usr/bin/find,False,False,2,"{""backtrace"": 1, ""info"": 1}",4713.0,1407.0,3306.0,1533,True,False,,,peglib.h,245.0,,False,False,False,False,/Users/ibraheemamin/Documents/cos484-final-project/chatdbgpro/bench/results/nemotron-full/cpp_peglib-7__tier3__openrouter_nvidia_nemotron-nano-9b-v2__tier3_gdb_only__ctx10__t1
nemotron-full,cpp_peglib-8__tier3__openrouter_nvidia_nemotron-nano-9b-v2__tier3_gdb_only__ctx10__t1,cpp_peglib-8,openrouter/nvidia/nemotron-nano-9b-v2,tier3_gdb_only.json,10,1,ok,63.146,c,/usr/bin/find,False,False,1,"{""bt"": 1}",2420.0,829.0,1591.0,1830,True,False,,,peglib.h,1588.0,,False,False,False,False,/Users/ibraheemamin/Documents/cos484-final-project/chatdbgpro/bench/results/nemotron-full/cpp_peglib-8__tier3__openrouter_nvidia_nemotron-nano-9b-v2__tier3_gdb_only__ctx10__t1
nemotron-full,cpp_peglib-9__tier3__openrouter_nvidia_nemotron-nano-9b-v2__tier3_gdb_only__ctx10__t1,cpp_peglib-9,openrouter/nvidia/nemotron-nano-9b-v2,tier3_gdb_only.json,10,1,ok,44.818,c,/usr/bin/find,False,False,2,"{""backtrace"": 1, ""info"": 1}",2816.0,1404.0,1412.0,1804,True,False,,,peglib.h,1227.0,,False,False,False,False,/Users/ibraheemamin/Documents/cos484-final-project/chatdbgpro/bench/results/nemotron-full/cpp_peglib-9__tier3__openrouter_nvidia_nemotron-nano-9b-v2__tier3_gdb_only__ctx10__t1
nemotron-full,cppcheck-10__tier3__openrouter_nvidia_nemotron-nano-9b-v2__tier3_gdb_only__ctx10__t1,cppcheck-10,openrouter/nvidia/nemotron-nano-9b-v2,tier3_gdb_only.json,10,1,ok,50.229,c,/bin/bash,False,False,2,"{""bt"": 1, ""code"": 1}",2163.0,1050.0,1113.0,2256,True,False,,,symboldatabase.cpp,1955.0,,False,False,False,False,/Users/ibraheemamin/Documents/cos484-final-project/chatdbgpro/bench/results/nemotron-full/cppcheck-10__tier3__openrouter_nvidia_nemotron-nano-9b-v2__tier3_gdb_only__ctx10__t1
nemotron-full,cppcheck-11__tier3__openrouter_nvidia_nemotron-nano-9b-v2__tier3_gdb_only__ctx10__t1,cppcheck-11,openrouter/nvidia/nemotron-nano-9b-v2,tier3_gdb_only.json,10,1,ok,42.175,c,/bin/bash,False,False,2,"{""bt"": 1, ""code"": 1}",2214.0,1203.0,1011.0,2515,True,False,,,valueflow.cpp,5858.0,,False,False,False,False,/Users/ibraheemamin/Documents/cos484-final-project/chatdbgpro/bench/results/nemotron-full/cppcheck-11__tier3__openrouter_nvidia_nemotron-nano-9b-v2__tier3_gdb_only__ctx10__t1
nemotron-full,cppcheck-12__tier3__openrouter_nvidia_nemotron-nano-9b-v2__tier3_gdb_only__ctx10__t1,cppcheck-12,openrouter/nvidia/nemotron-nano-9b-v2,tier3_gdb_only.json,10,1,ok,35.933,c,/bin/bash,False,False,1,"{""bt"": 1}",2501.0,806.0,1695.0,2091,True,False,,,checkstl.cpp,59.0,,False,False,False,False,/Users/ibraheemamin/Documents/cos484-final-project/chatdbgpro/bench/results/nemotron-full/cppcheck-12__tier3__openrouter_nvidia_nemotron-nano-9b-v2__tier3_gdb_only__ctx10__t1
nemotron-full,cppcheck-13__tier3__openrouter_nvidia_nemotron-nano-9b-v2__tier3_gdb_only__ctx10__t1,cppcheck-13,openrouter/nvidia/nemotron-nano-9b-v2,tier3_gdb_only.json,10,1,ok,22.196,c,/bin/bash,False,False,0,{},1625.0,663.0,962.0,2197,True,False,,,reverseanalyzer.cpp,78.0,,False,False,False,False,/Users/ibraheemamin/Documents/cos484-final-project/chatdbgpro/bench/results/nemotron-full/cppcheck-13__tier3__openrouter_nvidia_nemotron-nano-9b-v2__tier3_gdb_only__ctx10__t1
nemotron-full,cppcheck-14__tier3__openrouter_nvidia_nemotron-nano-9b-v2__tier3_gdb_only__ctx10__t1,cppcheck-14,openrouter/nvidia/nemotron-nano-9b-v2,tier3_gdb_only.json,10,1,ok,29.223,c,/bin/bash,False,False,1,"{""backtrace"": 1}",1551.0,727.0,824.0,1456,True,False,,,checkother.cpp,1987.0,,False,False,False,False,/Users/ibraheemamin/Documents/cos484-final-project/chatdbgpro/bench/results/nemotron-full/cppcheck-14__tier3__openrouter_nvidia_nemotron-nano-9b-v2__tier3_gdb_only__ctx10__t1
nemotron-full,cppcheck-15__tier3__openrouter_nvidia_nemotron-nano-9b-v2__tier3_gdb_only__ctx10__t1,cppcheck-15,openrouter/nvidia/nemotron-nano-9b-v2,tier3_gdb_only.json,10,1,ok,28.645,c,/bin/bash,False,False,1,"{""backtrace"": 1}",1658.0,727.0,931.0,1520,True,False,,,checkunusedvar.cpp,1180.0,,False,False,False,False,/Users/ibraheemamin/Documents/cos484-final-project/chatdbgpro/bench/results/nemotron-full/cppcheck-15__tier3__openrouter_nvidia_nemotron-nano-9b-v2__tier3_gdb_only__ctx10__t1
nemotron-full,cppcheck-17__tier3__openrouter_nvidia_nemotron-nano-9b-v2__tier3_gdb_only__ctx10__t1,cppcheck-17,openrouter/nvidia/nemotron-nano-9b-v2,tier3_gdb_only.json,10,1,ok,29.236,c,/bin/bash,False,False,1,"{""info"": 1}",2467.0,1619.0,848.0,1717,True,False,,,valueflow.cpp,4321.0,,False,False,False,False,/Users/ibraheemamin/Documents/cos484-final-project/chatdbgpro/bench/results/nemotron-full/cppcheck-17__tier3__openrouter_nvidia_nemotron-nano-9b-v2__tier3_gdb_only__ctx10__t1
nemotron-full,cppcheck-18__tier3__openrouter_nvidia_nemotron-nano-9b-v2__tier3_gdb_only__ctx10__t1,cppcheck-18,openrouter/nvidia/nemotron-nano-9b-v2,tier3_gdb_only.json,10,1,ok,31.054,c,/bin/bash,False,False,1,"{""bt"": 1}",1962.0,966.0,996.0,1888,True,False,,,forwardanalyzer.cpp,65.0,,False,False,False,False,/Users/ibraheemamin/Documents/cos484-final-project/chatdbgpro/bench/results/nemotron-full/cppcheck-18__tier3__openrouter_nvidia_nemotron-nano-9b-v2__tier3_gdb_only__ctx10__t1
nemotron-full,cppcheck-19__tier3__openrouter_nvidia_nemotron-nano-9b-v2__tier3_gdb_only__ctx10__t1,cppcheck-19,openrouter/nvidia/nemotron-nano-9b-v2,tier3_gdb_only.json,10,1,ok,45.793,c,/bin/bash,False,False,2,"{""bt"": 1, ""code"": 1}",2812.0,1730.0,1082.0,4460,True,False,,,checkautovariables.cpp,445.0,,False,False,False,False,/Users/ibraheemamin/Documents/cos484-final-project/chatdbgpro/bench/results/nemotron-full/cppcheck-19__tier3__openrouter_nvidia_nemotron-nano-9b-v2__tier3_gdb_only__ctx10__t1
nemotron-full,cppcheck-1__tier3__openrouter_nvidia_nemotron-nano-9b-v2__tier3_gdb_only__ctx10__t1,cppcheck-1,openrouter/nvidia/nemotron-nano-9b-v2,tier3_gdb_only.json,10,1,ok,42.358,c,/bin/bash,False,False,1,"{""backtrace"": 1}",1581.0,727.0,854.0,1566,True,False,,,checkleakautovar.cpp,930.0,,False,False,False,False,/Users/ibraheemamin/Documents/cos484-final-project/chatdbgpro/bench/results/nemotron-full/cppcheck-1__tier3__openrouter_nvidia_nemotron-nano-9b-v2__tier3_gdb_only__ctx10__t1
nemotron-full,cppcheck-20__tier3__openrouter_nvidia_nemotron-nano-9b-v2__tier3_gdb_only__ctx10__t1,cppcheck-20,openrouter/nvidia/nemotron-nano-9b-v2,tier3_gdb_only.json,10,1,ok,34.951,c,/bin/bash,False,False,2,"{""backtrace"": 1, ""code"": 1}",2315.0,1370.0,945.0,3844,True,False,,,tokenize.cpp,3243.0,,False,False,False,False,/Users/ibraheemamin/Documents/cos484-final-project/chatdbgpro/bench/results/nemotron-full/cppcheck-20__tier3__openrouter_nvidia_nemotron-nano-9b-v2__tier3_gdb_only__ctx10__t1
nemotron-full,cppcheck-21__tier3__openrouter_nvidia_nemotron-nano-9b-v2__tier3_gdb_only__ctx10__t1,cppcheck-21,openrouter/nvidia/nemotron-nano-9b-v2,tier3_gdb_only.json,10,1,ok,26.951,c,/bin/bash,False,False,1,"{""backtrace"": 1}",1572.0,727.0,845.0,1555,True,False,,,clangimport.cpp,497.0,,False,False,False,False,/Users/ibraheemamin/Documents/cos484-final-project/chatdbgpro/bench/results/nemotron-full/cppcheck-21__tier3__openrouter_nvidia_nemotron-nano-9b-v2__tier3_gdb_only__ctx10__t1
nemotron-full,cppcheck-22__tier3__openrouter_nvidia_nemotron-nano-9b-v2__tier3_gdb_only__ctx10__t1,cppcheck-22,openrouter/nvidia/nemotron-nano-9b-v2,tier3_gdb_only.json,10,1,ok,26.075,c,/bin/bash,False,False,1,"{""backtrace"": 1}",1533.0,727.0,806.0,1391,True,False,,,checkuninitvar.cpp,1163.0,,False,False,False,False,/Users/ibraheemamin/Documents/cos484-final-project/chatdbgpro/bench/results/nemotron-full/cppcheck-22__tier3__openrouter_nvidia_nemotron-nano-9b-v2__tier3_gdb_only__ctx10__t1
nemotron-full,cppcheck-23__tier3__openrouter_nvidia_nemotron-nano-9b-v2__tier3_gdb_only__ctx10__t1,cppcheck-23,openrouter/nvidia/nemotron-nano-9b-v2,tier3_gdb_only.json,10,1,ok,27.212,c,/bin/bash,False,False,1,"{""bt"": 1}",1978.0,963.0,1015.0,2341,True,False,,,checkleakautovar.cpp,743.0,,False,False,False,False,/Users/ibraheemamin/Documents/cos484-final-project/chatdbgpro/bench/results/nemotron-full/cppcheck-23__tier3__openrouter_nvidia_nemotron-nano-9b-v2__tier3_gdb_only__ctx10__t1
nemotron-full,cppcheck-24__tier3__openrouter_nvidia_nemotron-nano-9b-v2__tier3_gdb_only__ctx10__t1,cppcheck-24,openrouter/nvidia/nemotron-nano-9b-v2,tier3_gdb_only.json,10,1,ok,38.135,c,/bin/bash,False,False,2,"{""bt"": 1, ""info"": 1}",4993.0,3743.0,1250.0,1348,True,False,,,forwardanalyzer.cpp,299.0,,False,False,False,False,/Users/ibraheemamin/Documents/cos484-final-project/chatdbgpro/bench/results/nemotron-full/cppcheck-24__tier3__openrouter_nvidia_nemotron-nano-9b-v2__tier3_gdb_only__ctx10__t1
nemotron-full,cppcheck-25__tier3__openrouter_nvidia_nemotron-nano-9b-v2__tier3_gdb_only__ctx10__t1,cppcheck-25,openrouter/nvidia/nemotron-nano-9b-v2,tier3_gdb_only.json,10,1,ok,43.14,c,/bin/bash,False,False,1,"{""info"": 1}",2886.0,1609.0,1277.0,3191,True,False,,,valueflow.cpp,3068.0,,False,False,False,False,/Users/ibraheemamin/Documents/cos484-final-project/chatdbgpro/bench/results/nemotron-full/cppcheck-25__tier3__openrouter_nvidia_nemotron-nano-9b-v2__tier3_gdb_only__ctx10__t1
nemotron-full,cppcheck-26__tier3__openrouter_nvidia_nemotron-nano-9b-v2__tier3_gdb_only__ctx10__t1,cppcheck-26,openrouter/nvidia/nemotron-nano-9b-v2,tier3_gdb_only.json,10,1,ok,47.986,c,/bin/bash,False,False,2,"{""bt"": 1, ""code"": 1}",2119.0,1458.0,661.0,2185,False,False,,,tokenlist.cpp,728.0,,False,False,False,False,/Users/ibraheemamin/Documents/cos484-final-project/chatdbgpro/bench/results/nemotron-full/cppcheck-26__tier3__openrouter_nvidia_nemotron-nano-9b-v2__tier3_gdb_only__ctx10__t1
nemotron-full,cppcheck-27__tier3__openrouter_nvidia_nemotron-nano-9b-v2__tier3_gdb_only__ctx10__t1,cppcheck-27,openrouter/nvidia/nemotron-nano-9b-v2,tier3_gdb_only.json,10,1,ok,49.05,c,/bin/bash,False,False,2,"{""bt"": 1, ""code"": 1}",1865.0,1103.0,762.0,1820,False,False,,,valueflow.cpp,766.0,,False,False,False,False,/Users/ibraheemamin/Documents/cos484-final-project/chatdbgpro/bench/results/nemotron-full/cppcheck-27__tier3__openrouter_nvidia_nemotron-nano-9b-v2__tier3_gdb_only__ctx10__t1
nemotron-full,cppcheck-28__tier3__openrouter_nvidia_nemotron-nano-9b-v2__tier3_gdb_only__ctx10__t1,cppcheck-28,openrouter/nvidia/nemotron-nano-9b-v2,tier3_gdb_only.json,10,1,ok,29.288,c,/bin/bash,False,False,1,"{""backtrace"": 1}",1551.0,727.0,824.0,1456,True,False,,,checkautovariables.cpp,593.0,,False,False,False,False,/Users/ibraheemamin/Documents/cos484-final-project/chatdbgpro/bench/results/nemotron-full/cppcheck-28__tier3__openrouter_nvidia_nemotron-nano-9b-v2__tier3_gdb_only__ctx10__t1
nemotron-full,cppcheck-29__tier3__openrouter_nvidia_nemotron-nano-9b-v2__tier3_gdb_only__ctx10__t1,cppcheck-29,openrouter/nvidia/nemotron-nano-9b-v2,tier3_gdb_only.json,10,1,ok,30.25,c,/bin/bash,False,False,1,"{""bt"": 1}",2424.0,1124.0,1300.0,3501,True,False,,,tokenize.cpp,10890.0,,False,False,False,False,/Users/ibraheemamin/Documents/cos484-final-project/chatdbgpro/bench/results/nemotron-full/cppcheck-29__tier3__openrouter_nvidia_nemotron-nano-9b-v2__tier3_gdb_only__ctx10__t1
nemotron-full,cppcheck-2__tier3__openrouter_nvidia_nemotron-nano-9b-v2__tier3_gdb_only__ctx10__t1,cppcheck-2,openrouter/nvidia/nemotron-nano-9b-v2,tier3_gdb_only.json,10,1,ok,32.091,c,/bin/bash,False,False,1,"{""bt"": 1}",2517.0,1124.0,1393.0,3336,True,False,,,checkother.cpp,443.0,,False,False,False,False,/Users/ibraheemamin/Documents/cos484-final-project/chatdbgpro/bench/results/nemotron-full/cppcheck-2__tier3__openrouter_nvidia_nemotron-nano-9b-v2__tier3_gdb_only__ctx10__t1
nemotron-full,cppcheck-30__tier3__openrouter_nvidia_nemotron-nano-9b-v2__tier3_gdb_only__ctx10__t1,cppcheck-30,openrouter/nvidia/nemotron-nano-9b-v2,tier3_gdb_only.json,10,1,ok,30.906,c,/bin/bash,False,False,1,"{""bt"": 1}",2165.0,806.0,1359.0,1566,True,False,,,astutils.cpp,1353.0,,False,False,False,False,/Users/ibraheemamin/Documents/cos484-final-project/chatdbgpro/bench/results/nemotron-full/cppcheck-30__tier3__openrouter_nvidia_nemotron-nano-9b-v2__tier3_gdb_only__ctx10__t1
nemotron-full,cppcheck-3__tier3__openrouter_nvidia_nemotron-nano-9b-v2__tier3_gdb_only__ctx10__t1,cppcheck-3,openrouter/nvidia/nemotron-nano-9b-v2,tier3_gdb_only.json,10,1,ok,36.659,c,/bin/bash,False,False,2,"{""bt"": 1, ""code"": 1}",2027.0,1194.0,833.0,1955,True,False,,,forwardanalyzer.cpp,211.0,,False,False,False,False,/Users/ibraheemamin/Documents/cos484-final-project/chatdbgpro/bench/results/nemotron-full/cppcheck-3__tier3__openrouter_nvidia_nemotron-nano-9b-v2__tier3_gdb_only__ctx10__t1
nemotron-full,cppcheck-4__tier3__openrouter_nvidia_nemotron-nano-9b-v2__tier3_gdb_only__ctx10__t1,cppcheck-4,openrouter/nvidia/nemotron-nano-9b-v2,tier3_gdb_only.json,10,1,ok,30.027,c,/bin/bash,False,False,1,"{""bt"": 1}",2366.0,1121.0,1245.0,2964,True,False,,,checkfunctions.cpp,338.0,,False,False,False,False,/Users/ibraheemamin/Documents/cos484-final-project/chatdbgpro/bench/results/nemotron-full/cppcheck-4__tier3__openrouter_nvidia_nemotron-nano-9b-v2__tier3_gdb_only__ctx10__t1
nemotron-full,cppcheck-6__tier3__openrouter_nvidia_nemotron-nano-9b-v2__tier3_gdb_only__ctx10__t1,cppcheck-6,openrouter/nvidia/nemotron-nano-9b-v2,tier3_gdb_only.json,10,1,ok,32.904,c,/bin/bash,False,False,1,"{""backtrace"": 1}",1657.0,727.0,930.0,2089,True,False,,,checkuninitvar.cpp,753.0,,False,False,False,False,/Users/ibraheemamin/Documents/cos484-final-project/chatdbgpro/bench/results/nemotron-full/cppcheck-6__tier3__openrouter_nvidia_nemotron-nano-9b-v2__tier3_gdb_only__ctx10__t1
nemotron-full,cppcheck-7__tier3__openrouter_nvidia_nemotron-nano-9b-v2__tier3_gdb_only__ctx10__t1,cppcheck-7,openrouter/nvidia/nemotron-nano-9b-v2,tier3_gdb_only.json,10,1,ok,24.559,c,/bin/bash,False,False,1,"{""backtrace"": 1}",1566.0,727.0,839.0,1531,True,False,,,tokenize.cpp,5037.0,,False,False,False,False,/Users/ibraheemamin/Documents/cos484-final-project/chatdbgpro/bench/results/nemotron-full/cppcheck-7__tier3__openrouter_nvidia_nemotron-nano-9b-v2__tier3_gdb_only__ctx10__t1
nemotron-full,cppcheck-8__tier3__openrouter_nvidia_nemotron-nano-9b-v2__tier3_gdb_only__ctx10__t1,cppcheck-8,openrouter/nvidia/nemotron-nano-9b-v2,tier3_gdb_only.json,10,1,ok,26.641,c,/bin/bash,False,False,1,"{""bt"": 1}",2117.0,1122.0,995.0,2113,True,False,,,astutils.cpp,1578.0,,False,False,False,False,/Users/ibraheemamin/Documents/cos484-final-project/chatdbgpro/bench/results/nemotron-full/cppcheck-8__tier3__openrouter_nvidia_nemotron-nano-9b-v2__tier3_gdb_only__ctx10__t1
nemotron-full,dlt_daemon-1__tier3__openrouter_nvidia_nemotron-nano-9b-v2__tier3_gdb_only__ctx10__t1,dlt_daemon-1,openrouter/nvidia/nemotron-nano-9b-v2,tier3_gdb_only.json,10,1,ok,28.574,c,./install/bin/dlt-receive,True,False,1,"{""backtrace"": 1}",1729.0,748.0,981.0,2098,True,False,,,dlt_common.c,404.0,,False,False,False,False,/Users/ibraheemamin/Documents/cos484-final-project/chatdbgpro/bench/results/nemotron-full/dlt_daemon-1__tier3__openrouter_nvidia_nemotron-nano-9b-v2__tier3_gdb_only__ctx10__t1
nemotron-full,exiv2-10__tier3__openrouter_nvidia_nemotron-nano-9b-v2__tier3_gdb_only__ctx10__t1,exiv2-10,openrouter/nvidia/nemotron-nano-9b-v2,tier3_gdb_only.json,10,1,ok,45.141,c,/bin/sed,False,False,2,"{""backtrace"": 1, ""info"": 1}",2579.0,1382.0,1197.0,1384,True,False,,,psdimage.cpp,199.0,,False,False,False,False,/Users/ibraheemamin/Documents/cos484-final-project/chatdbgpro/bench/results/nemotron-full/exiv2-10__tier3__openrouter_nvidia_nemotron-nano-9b-v2__tier3_gdb_only__ctx10__t1
nemotron-full,exiv2-11__tier3__openrouter_nvidia_nemotron-nano-9b-v2__tier3_gdb_only__ctx10__t1,exiv2-11,openrouter/nvidia/nemotron-nano-9b-v2,tier3_gdb_only.json,10,1,ok,33.979,c,/bin/sed,False,False,0,{},3014.0,664.0,2350.0,3125,True,False,,,iptc.cpp,439.0,,False,False,False,False,/Users/ibraheemamin/Documents/cos484-final-project/chatdbgpro/bench/results/nemotron-full/exiv2-11__tier3__openrouter_nvidia_nemotron-nano-9b-v2__tier3_gdb_only__ctx10__t1
nemotron-full,exiv2-12__tier3__openrouter_nvidia_nemotron-nano-9b-v2__tier3_gdb_only__ctx10__t1,exiv2-12,openrouter/nvidia/nemotron-nano-9b-v2,tier3_gdb_only.json,10,1,ok,40.925,c,/bin/sed,False,False,2,"{""backtrace"": 1, ""info"": 1}",2193.0,789.0,1404.0,2037,True,False,,,pngchunk_int.cpp,653.0,,False,False,False,False,/Users/ibraheemamin/Documents/cos484-final-project/chatdbgpro/bench/results/nemotron-full/exiv2-12__tier3__openrouter_nvidia_nemotron-nano-9b-v2__tier3_gdb_only__ctx10__t1
nemotron-full,exiv2-13__tier3__openrouter_nvidia_nemotron-nano-9b-v2__tier3_gdb_only__ctx10__t1,exiv2-13,openrouter/nvidia/nemotron-nano-9b-v2,tier3_gdb_only.json,10,1,ok,42.967,c,/bin/sed,False,False,2,"{""backtrace"": 1, ""where"": 1}",2581.0,790.0,1791.0,2688,True,False,,,jp2image.cpp,501.0,,False,False,False,False,/Users/ibraheemamin/Documents/cos484-final-project/chatdbgpro/bench/results/nemotron-full/exiv2-13__tier3__openrouter_nvidia_nemotron-nano-9b-v2__tier3_gdb_only__ctx10__t1
nemotron-full,exiv2-14__tier3__openrouter_nvidia_nemotron-nano-9b-v2__tier3_gdb_only__ctx10__t1,exiv2-14,openrouter/nvidia/nemotron-nano-9b-v2,tier3_gdb_only.json,10,1,ok,79.744,c,/bin/sed,False,False,3,"{""bt"": 1, ""info"": 1, ""code"": 1}",3636.0,2298.0,1338.0,4544,True,False,,,tiffimage_int.cpp,1695.0,,False,False,False,False,/Users/ibraheemamin/Documents/cos484-final-project/chatdbgpro/bench/results/nemotron-full/exiv2-14__tier3__openrouter_nvidia_nemotron-nano-9b-v2__tier3_gdb_only__ctx10__t1
nemotron-full,exiv2-15__tier3__openrouter_nvidia_nemotron-nano-9b-v2__tier3_gdb_only__ctx10__t1,exiv2-15,openrouter/nvidia/nemotron-nano-9b-v2,tier3_gdb_only.json,10,1,ok,52.221,c,/bin/sed,False,False,2,"{""backtrace"": 1, ""info"": 1}",1418.0,1370.0,48.0,2200,True,False,,,easyaccess.cpp,175.0,,False,False,False,False,/Users/ibraheemamin/Documents/cos484-final-project/chatdbgpro/bench/results/nemotron-full/exiv2-15__tier3__openrouter_nvidia_nemotron-nano-9b-v2__tier3_gdb_only__ctx10__t1
nemotron-full,exiv2-16__tier3__openrouter_nvidia_nemotron-nano-9b-v2__tier3_gdb_only__ctx10__t1,exiv2-16,openrouter/nvidia/nemotron-nano-9b-v2,tier3_gdb_only.json,10,1,ok,38.61,c,/bin/sed,False,False,2,"{""backtrace"": 1, ""where"": 1}",1854.0,790.0,1064.0,1419,True,False,,,exif.cpp,229.0,,False,False,False,False,/Users/ibraheemamin/Documents/cos484-final-project/chatdbgpro/bench/results/nemotron-full/exiv2-16__tier3__openrouter_nvidia_nemotron-nano-9b-v2__tier3_gdb_only__ctx10__t1
nemotron-full,exiv2-17__tier3__openrouter_nvidia_nemotron-nano-9b-v2__tier3_gdb_only__ctx10__t1,exiv2-17,openrouter/nvidia/nemotron-nano-9b-v2,tier3_gdb_only.json,10,1,ok,34.689,c,/bin/sed,False,False,2,"{""backtrace"": 1, ""where"": 1}",1706.0,790.0,916.0,1172,True,False,,,value.cpp,913.0,,False,False,False,False,/Users/ibraheemamin/Documents/cos484-final-project/chatdbgpro/bench/results/nemotron-full/exiv2-17__tier3__openrouter_nvidia_nemotron-nano-9b-v2__tier3_gdb_only__ctx10__t1
nemotron-full,exiv2-18__tier3__openrouter_nvidia_nemotron-nano-9b-v2__tier3_gdb_only__ctx10__t1,exiv2-18,openrouter/nvidia/nemotron-nano-9b-v2,tier3_gdb_only.json,10,1,ok,41.957,c,/bin/sed,False,False,2,"{""bt"": 1, ""code"": 1}",2218.0,1191.0,1027.0,1729,True,False,,,tiffcomposite_int.cpp,1236.0,,False,False,False,False,/Users/ibraheemamin/Documents/cos484-final-project/chatdbgpro/bench/results/nemotron-full/exiv2-18__tier3__openrouter_nvidia_nemotron-nano-9b-v2__tier3_gdb_only__ctx10__t1
nemotron-full,exiv2-19__tier3__openrouter_nvidia_nemotron-nano-9b-v2__tier3_gdb_only__ctx10__t1,exiv2-19,openrouter/nvidia/nemotron-nano-9b-v2,tier3_gdb_only.json,10,1,ok,32.528,c,/bin/sed,False,False,2,"{""backtrace"": 1, ""where"": 1}",1610.0,790.0,820.0,1336,True,False,,,tiffvisitor_int.cpp,1599.0,,False,False,False,False,/Users/ibraheemamin/Documents/cos484-final-project/chatdbgpro/bench/results/nemotron-full/exiv2-19__tier3__openrouter_nvidia_nemotron-nano-9b-v2__tier3_gdb_only__ctx10__t1
nemotron-full,exiv2-1__tier3__openrouter_nvidia_nemotron-nano-9b-v2__tier3_gdb_only__ctx10__t1,exiv2-1,openrouter/nvidia/nemotron-nano-9b-v2,tier3_gdb_only.json,10,1,ok,22.914,c,/bin/sed,False,False,1,"{""backtrace"": 1}",1342.0,728.0,614.0,683,False,False,,,jpgimage.cpp,637.0,,False,False,False,False,/Users/ibraheemamin/Documents/cos484-final-project/chatdbgpro/bench/results/nemotron-full/exiv2-1__tier3__openrouter_nvidia_nemotron-nano-9b-v2__tier3_gdb_only__ctx10__t1
nemotron-full,exiv2-20__tier3__openrouter_nvidia_nemotron-nano-9b-v2__tier3_gdb_only__ctx10__t1,exiv2-20,openrouter/nvidia/nemotron-nano-9b-v2,tier3_gdb_only.json,10,1,ok,30.164,c,/bin/sed,False,False,1,"{""bt"": 1}",2930.0,1317.0,1613.0,2092,True,False,,,exiv2.cpp,720.0,,False,False,False,False,/Users/ibraheemamin/Documents/cos484-final-project/chatdbgpro/bench/results/nemotron-full/exiv2-20__tier3__openrouter_nvidia_nemotron-nano-9b-v2__tier3_gdb_only__ctx10__t1
nemotron-full,exiv2-2__tier3__openrouter_nvidia_nemotron-nano-9b-v2__tier3_gdb_only__ctx10__t1,exiv2-2,openrouter/nvidia/nemotron-nano-9b-v2,tier3_gdb_only.json,10,1,ok,28.277,c,/bin/sed,False,False,1,"{""backtrace"": 1}",2058.0,728.0,1330.0,1431,True,False,,,crwimage_int.cpp,1254.0,,False,False,False,False,/Users/ibraheemamin/Documents/cos484-final-project/chatdbgpro/bench/results/nemotron-full/exiv2-2__tier3__openrouter_nvidia_nemotron-nano-9b-v2__tier3_gdb_only__ctx10__t1
nemotron-full,exiv2-3__tier3__openrouter_nvidia_nemotron-nano-9b-v2__tier3_gdb_only__ctx10__t1,exiv2-3,openrouter/nvidia/nemotron-nano-9b-v2,tier3_gdb_only.json,10,1,ok,27.088,c,/bin/sed,False,False,1,"{""backtrace"": 1}",1762.0,728.0,1034.0,1689,True,False,,,jp2image.cpp,656.0,,False,False,False,False,/Users/ibraheemamin/Documents/cos484-final-project/chatdbgpro/bench/results/nemotron-full/exiv2-3__tier3__openrouter_nvidia_nemotron-nano-9b-v2__tier3_gdb_only__ctx10__t1
nemotron-full,exiv2-4__tier3__openrouter_nvidia_nemotron-nano-9b-v2__tier3_gdb_only__ctx10__t1,exiv2-4,openrouter/nvidia/nemotron-nano-9b-v2,tier3_gdb_only.json,10,1,ok,37.248,c,/bin/sed,False,False,2,"{""bt"": 1, ""code"": 1}",2466.0,1339.0,1127.0,2693,True,False,,,nikonmn_int.cpp,370.0,,False,False,False,False,/Users/ibraheemamin/Documents/cos484-final-project/chatdbgpro/bench/results/nemotron-full/exiv2-4__tier3__openrouter_nvidia_nemotron-nano-9b-v2__tier3_gdb_only__ctx10__t1
nemotron-full,exiv2-5__tier3__openrouter_nvidia_nemotron-nano-9b-v2__tier3_gdb_only__ctx10__t1,exiv2-5,openrouter/nvidia/nemotron-nano-9b-v2,tier3_gdb_only.json,10,1,ok,37.826,c,/bin/sed,False,False,2,"{""backtrace"": 1, ""info"": 1}",2181.0,1394.0,787.0,1441,True,False,,,jp2image.cpp,908.0,,False,False,False,False,/Users/ibraheemamin/Documents/cos484-final-project/chatdbgpro/bench/results/nemotron-full/exiv2-5__tier3__openrouter_nvidia_nemotron-nano-9b-v2__tier3_gdb_only__ctx10__t1
nemotron-full,exiv2-6__tier3__openrouter_nvidia_nemotron-nano-9b-v2__tier3_gdb_only__ctx10__t1,exiv2-6,openrouter/nvidia/nemotron-nano-9b-v2,tier3_gdb_only.json,10,1,ok,35.976,c,/bin/sed,False,False,2,"{""bt"": 1, ""code"": 1}",2621.0,1491.0,1130.0,3100,True,False,,,pngimage.cpp,33.0,,False,False,False,False,/Users/ibraheemamin/Documents/cos484-final-project/chatdbgpro/bench/results/nemotron-full/exiv2-6__tier3__openrouter_nvidia_nemotron-nano-9b-v2__tier3_gdb_only__ctx10__t1
nemotron-full,exiv2-7__tier3__openrouter_nvidia_nemotron-nano-9b-v2__tier3_gdb_only__ctx10__t1,exiv2-7,openrouter/nvidia/nemotron-nano-9b-v2,tier3_gdb_only.json,10,1,ok,31.004,c,/bin/sed,False,False,2,"{""backtrace"": 1, ""info"": 1}",2723.0,1387.0,1336.0,1198,True,False,,,crwimage_int.cpp,579.0,,False,False,False,False,/Users/ibraheemamin/Documents/cos484-final-project/chatdbgpro/bench/results/nemotron-full/exiv2-7__tier3__openrouter_nvidia_nemotron-nano-9b-v2__tier3_gdb_only__ctx10__t1
nemotron-full,exiv2-8__tier3__openrouter_nvidia_nemotron-nano-9b-v2__tier3_gdb_only__ctx10__t1,exiv2-8,openrouter/nvidia/nemotron-nano-9b-v2,tier3_gdb_only.json,10,1,ok,25.516,c,./build/bin/exiv2,True,False,2,"{""backtrace"": 1, ""info"": 1}",1602.0,774.0,828.0,1388,True,False,,,pngimage.cpp,469.0,,False,False,False,False,/Users/ibraheemamin/Documents/cos484-final-project/chatdbgpro/bench/results/nemotron-full/exiv2-8__tier3__openrouter_nvidia_nemotron-nano-9b-v2__tier3_gdb_only__ctx10__t1
nemotron-full,exiv2-9__tier3__openrouter_nvidia_nemotron-nano-9b-v2__tier3_gdb_only__ctx10__t1,exiv2-9,openrouter/nvidia/nemotron-nano-9b-v2,tier3_gdb_only.json,10,1,ok,36.785,c,/bin/sed,False,False,2,"{""info"": 1, ""code"": 1}",3116.0,1711.0,1405.0,1275,True,False,,,crwimage_int.cpp,281.0,,False,False,False,False,/Users/ibraheemamin/Documents/cos484-final-project/chatdbgpro/bench/results/nemotron-full/exiv2-9__tier3__openrouter_nvidia_nemotron-nano-9b-v2__tier3_gdb_only__ctx10__t1
nemotron-full,libchewing-1__tier3__openrouter_nvidia_nemotron-nano-9b-v2__tier3_gdb_only__ctx10__t1,libchewing-1,openrouter/nvidia/nemotron-nano-9b-v2,tier3_gdb_only.json,10,1,ok,24.957,c,/usr/bin/bash,False,False,1,"{""backtrace"": 1}",1725.0,728.0,997.0,1805,True,False,,,chewingio.c,694.0,,False,False,False,False,/Users/ibraheemamin/Documents/cos484-final-project/chatdbgpro/bench/results/nemotron-full/libchewing-1__tier3__openrouter_nvidia_nemotron-nano-9b-v2__tier3_gdb_only__ctx10__t1
nemotron-full,libchewing-2__tier3__openrouter_nvidia_nemotron-nano-9b-v2__tier3_gdb_only__ctx10__t1,libchewing-2,openrouter/nvidia/nemotron-nano-9b-v2,tier3_gdb_only.json,10,1,ok,24.726,c,/usr/bin/bash,False,False,1,"{""backtrace"": 1}",1570.0,728.0,842.0,1145,True,False,,,chewingio.c,694.0,,False,False,False,False,/Users/ibraheemamin/Documents/cos484-final-project/chatdbgpro/bench/results/nemotron-full/libchewing-2__tier3__openrouter_nvidia_nemotron-nano-9b-v2__tier3_gdb_only__ctx10__t1
nemotron-full,libchewing-3__tier3__openrouter_nvidia_nemotron-nano-9b-v2__tier3_gdb_only__ctx10__t1,libchewing-3,openrouter/nvidia/nemotron-nano-9b-v2,tier3_gdb_only.json,10,1,ok,19.926,c,/usr/bin/bash,False,False,0,{},2022.0,664.0,1358.0,2358,True,False,,,chewingutil.c,591.0,,False,False,False,False,/Users/ibraheemamin/Documents/cos484-final-project/chatdbgpro/bench/results/nemotron-full/libchewing-3__tier3__openrouter_nvidia_nemotron-nano-9b-v2__tier3_gdb_only__ctx10__t1
nemotron-full,libchewing-4__tier3__openrouter_nvidia_nemotron-nano-9b-v2__tier3_gdb_only__ctx10__t1,libchewing-4,openrouter/nvidia/nemotron-nano-9b-v2,tier3_gdb_only.json,10,1,ok,25.967,c,/usr/bin/bash,False,False,1,"{""backtrace"": 1}",1573.0,728.0,845.0,1333,True,False,,,chewingio.c,1089.0,,False,False,False,False,/Users/ibraheemamin/Documents/cos484-final-project/chatdbgpro/bench/results/nemotron-full/libchewing-4__tier3__openrouter_nvidia_nemotron-nano-9b-v2__tier3_gdb_only__ctx10__t1
nemotron-full,libchewing-5__tier3__openrouter_nvidia_nemotron-nano-9b-v2__tier3_gdb_only__ctx10__t1,libchewing-5,openrouter/nvidia/nemotron-nano-9b-v2,tier3_gdb_only.json,10,1,ok,28.015,c,/usr/bin/bash,False,False,1,"{""backtrace"": 1}",1454.0,728.0,726.0,1020,False,False,,,chewingio.c,1728.0,,False,False,False,False,/Users/ibraheemamin/Documents/cos484-final-project/chatdbgpro/bench/results/nemotron-full/libchewing-5__tier3__openrouter_nvidia_nemotron-nano-9b-v2__tier3_gdb_only__ctx10__t1
nemotron-full,libchewing-6__tier3__openrouter_nvidia_nemotron-nano-9b-v2__tier3_gdb_only__ctx10__t1,libchewing-6,openrouter/nvidia/nemotron-nano-9b-v2,tier3_gdb_only.json,10,1,ok,22.201,c,/usr/bin/bash,False,False,1,"{""backtrace"": 1}",1546.0,728.0,818.0,1085,True,False,,,chewingutil.c,542.0,,False,False,False,False,/Users/ibraheemamin/Documents/cos484-final-project/chatdbgpro/bench/results/nemotron-full/libchewing-6__tier3__openrouter_nvidia_nemotron-nano-9b-v2__tier3_gdb_only__ctx10__t1
nemotron-full,libchewing-7__tier3__openrouter_nvidia_nemotron-nano-9b-v2__tier3_gdb_only__ctx10__t1,libchewing-7,openrouter/nvidia/nemotron-nano-9b-v2,tier3_gdb_only.json,10,1,ok,27.821,c,/usr/bin/bash,False,False,1,"{""backtrace"": 1}",1487.0,728.0,759.0,912,False,False,,,chewingutil.c,729.0,,False,False,False,False,/Users/ibraheemamin/Documents/cos484-final-project/chatdbgpro/bench/results/nemotron-full/libchewing-7__tier3__openrouter_nvidia_nemotron-nano-9b-v2__tier3_gdb_only__ctx10__t1
nemotron-full,libchewing-8__tier3__openrouter_nvidia_nemotron-nano-9b-v2__tier3_gdb_only__ctx10__t1,libchewing-8,openrouter/nvidia/nemotron-nano-9b-v2,tier3_gdb_only.json,10,1,ok,33.258,c,/usr/bin/bash,False,False,1,"{""backtrace"": 1}",1568.0,728.0,840.0,1225,True,False,,,chewingio.c,1383.0,,False,False,False,False,/Users/ibraheemamin/Documents/cos484-final-project/chatdbgpro/bench/results/nemotron-full/libchewing-8__tier3__openrouter_nvidia_nemotron-nano-9b-v2__tier3_gdb_only__ctx10__t1
nemotron-full,libssh-1__tier3__openrouter_nvidia_nemotron-nano-9b-v2__tier3_gdb_only__ctx10__t1,libssh-1,openrouter/nvidia/nemotron-nano-9b-v2,tier3_gdb_only.json,10,1,ok,47.214,c,/bin/bash,False,False,1,"{""backtrace"": 1}",1609.0,727.0,882.0,1217,True,False,,,pki.c,724.0,,False,False,False,False,/Users/ibraheemamin/Documents/cos484-final-project/chatdbgpro/bench/results/nemotron-full/libssh-1__tier3__openrouter_nvidia_nemotron-nano-9b-v2__tier3_gdb_only__ctx10__t1
nemotron-full,libtiff-1__tier3__openrouter_nvidia_nemotron-nano-9b-v2__tier3_gdb_only__ctx10__t1,libtiff-1,openrouter/nvidia/nemotron-nano-9b-v2,tier3_gdb_only.json,10,1,ok,44.662,c,./tools/.libs/tiffcrop,True,False,1,"{""backtrace"": 1}",1638.0,752.0,886.0,975,True,False,,,tiffcrop.c,989.0,DumpModeDecode,False,False,False,False,/Users/ibraheemamin/Documents/cos484-final-project/chatdbgpro/bench/results/nemotron-full/libtiff-1__tier3__openrouter_nvidia_nemotron-nano-9b-v2__tier3_gdb_only__ctx10__t1
nemotron-full,libtiff-2__tier3__openrouter_nvidia_nemotron-nano-9b-v2__tier3_gdb_only__ctx10__t1,libtiff-2,openrouter/nvidia/nemotron-nano-9b-v2,tier3_gdb_only.json,10,1,ok,43.031,c,./tools/.libs/gif2tiff,True,False,0,{},2907.0,1151.0,1756.0,2059,True,False,,,gif2tiff.c,370.0,readextension,False,False,False,False,/Users/ibraheemamin/Documents/cos484-final-project/chatdbgpro/bench/results/nemotron-full/libtiff-2__tier3__openrouter_nvidia_nemotron-nano-9b-v2__tier3_gdb_only__ctx10__t1
nemotron-full,libtiff-3__tier3__openrouter_nvidia_nemotron-nano-9b-v2__tier3_gdb_only__ctx10__t1,libtiff-3,openrouter/nvidia/nemotron-nano-9b-v2,tier3_gdb_only.json,10,1,ok,88.298,c,/usr/bin/bash,False,False,3,"{""info"": 2, ""help"": 1}",2641.0,1779.0,862.0,1781,True,False,,,rgb2ycbcr.c,116.0,,False,False,False,False,/Users/ibraheemamin/Documents/cos484-final-project/chatdbgpro/bench/results/nemotron-full/libtiff-3__tier3__openrouter_nvidia_nemotron-nano-9b-v2__tier3_gdb_only__ctx10__t1
nemotron-full,libtiff-4__tier3__openrouter_nvidia_nemotron-nano-9b-v2__tier3_gdb_only__ctx10__t1,libtiff-4,openrouter/nvidia/nemotron-nano-9b-v2,tier3_gdb_only.json,10,1,ok,73.486,c,/usr/bin/bash,False,False,1,"{""backtrace"": 1}",2045.0,729.0,1316.0,1837,True,False,,,tif_jpeg.c,1626.0,,False,False,False,False,/Users/ibraheemamin/Documents/cos484-final-project/chatdbgpro/bench/results/nemotron-full/libtiff-4__tier3__openrouter_nvidia_nemotron-nano-9b-v2__tier3_gdb_only__ctx10__t1
nemotron-full,libtiff-5__tier3__openrouter_nvidia_nemotron-nano-9b-v2__tier3_gdb_only__ctx10__t1,libtiff-5,openrouter/nvidia/nemotron-nano-9b-v2,tier3_gdb_only.json,10,1,ok,47.902,c,./tools/.libs/tiffsplit,True,False,1,"{""bt"": 1}",2696.0,838.0,1858.0,2119,True,False,,,tif_strip.c,69.0,,False,False,False,False,/Users/ibraheemamin/Documents/cos484-final-project/chatdbgpro/bench/results/nemotron-full/libtiff-5__tier3__openrouter_nvidia_nemotron-nano-9b-v2__tier3_gdb_only__ctx10__t1
nemotron-full,libucl-1__tier3__openrouter_nvidia_nemotron-nano-9b-v2__tier3_gdb_only__ctx10__t1,libucl-1,openrouter/nvidia/nemotron-nano-9b-v2,tier3_gdb_only.json,10,1,ok,30.568,c,/usr/bin/bash,False,False,0,{},2436.0,664.0,1772.0,1986,True,False,,,ucl_emitter.c,509.0,,False,False,False,False,/Users/ibraheemamin/Documents/cos484-final-project/chatdbgpro/bench/results/nemotron-full/libucl-1__tier3__openrouter_nvidia_nemotron-nano-9b-v2__tier3_gdb_only__ctx10__t1
nemotron-full,libucl-2__tier3__openrouter_nvidia_nemotron-nano-9b-v2__tier3_gdb_only__ctx10__t1,libucl-2,openrouter/nvidia/nemotron-nano-9b-v2,tier3_gdb_only.json,10,1,ok,29.931,c,/usr/bin/bash,False,False,1,"{""backtrace"": 1}",1477.0,728.0,749.0,1079,True,False,,,ucl_parser.c,1831.0,,False,False,False,False,/Users/ibraheemamin/Documents/cos484-final-project/chatdbgpro/bench/results/nemotron-full/libucl-2__tier3__openrouter_nvidia_nemotron-nano-9b-v2__tier3_gdb_only__ctx10__t1
nemotron-full,libucl-3__tier3__openrouter_nvidia_nemotron-nano-9b-v2__tier3_gdb_only__ctx10__t1,libucl-3,openrouter/nvidia/nemotron-nano-9b-v2,tier3_gdb_only.json,10,1,ok,29.051,c,/usr/bin/bash,False,False,1,"{""backtrace"": 1}",1454.0,728.0,726.0,1009,False,False,,,ucl_parser.c,1016.0,,False,False,False,False,/Users/ibraheemamin/Documents/cos484-final-project/chatdbgpro/bench/results/nemotron-full/libucl-3__tier3__openrouter_nvidia_nemotron-nano-9b-v2__tier3_gdb_only__ctx10__t1
nemotron-full,libucl-4__tier3__openrouter_nvidia_nemotron-nano-9b-v2__tier3_gdb_only__ctx10__t1,libucl-4,openrouter/nvidia/nemotron-nano-9b-v2,tier3_gdb_only.json,10,1,ok,37.33,c,/usr/bin/bash,False,False,1,"{""backtrace"": 1}",1454.0,728.0,726.0,1009,False,False,,,ucl_parser.c,1662.0,,False,False,False,False,/Users/ibraheemamin/Documents/cos484-final-project/chatdbgpro/bench/results/nemotron-full/libucl-4__tier3__openrouter_nvidia_nemotron-nano-9b-v2__tier3_gdb_only__ctx10__t1
nemotron-full,libucl-5__tier3__openrouter_nvidia_nemotron-nano-9b-v2__tier3_gdb_only__ctx10__t1,libucl-5,openrouter/nvidia/nemotron-nano-9b-v2,tier3_gdb_only.json,10,1,ok,37.6,c,/usr/bin/bash,False,False,1,"{""backtrace"": 1}",1454.0,728.0,726.0,1009,False,False,,,ucl_parser.c,1016.0,,False,False,False,False,/Users/ibraheemamin/Documents/cos484-final-project/chatdbgpro/bench/results/nemotron-full/libucl-5__tier3__openrouter_nvidia_nemotron-nano-9b-v2__tier3_gdb_only__ctx10__t1
nemotron-full,libucl-6__tier3__openrouter_nvidia_nemotron-nano-9b-v2__tier3_gdb_only__ctx10__t1,libucl-6,openrouter/nvidia/nemotron-nano-9b-v2,tier3_gdb_only.json,10,1,ok,34.244,c,/usr/bin/bash,False,False,1,"{""backtrace"": 1}",1472.0,728.0,744.0,1119,False,False,,,ucl_parser.c,1662.0,,False,False,False,False,/Users/ibraheemamin/Documents/cos484-final-project/chatdbgpro/bench/results/nemotron-full/libucl-6__tier3__openrouter_nvidia_nemotron-nano-9b-v2__tier3_gdb_only__ctx10__t1
nemotron-full,libxml2-1__tier3__openrouter_nvidia_nemotron-nano-9b-v2__tier3_gdb_only__ctx10__t1,libxml2-1,openrouter/nvidia/nemotron-nano-9b-v2,tier3_gdb_only.json,10,1,ok,57.161,c,/bin/bash,False,False,1,"{""backtrace"": 1}",2971.0,728.0,2243.0,1528,True,False,,,parser.c,9825.0,,False,False,False,False,/Users/ibraheemamin/Documents/cos484-final-project/chatdbgpro/bench/results/nemotron-full/libxml2-1__tier3__openrouter_nvidia_nemotron-nano-9b-v2__tier3_gdb_only__ctx10__t1
nemotron-full,libxml2-2__tier3__openrouter_nvidia_nemotron-nano-9b-v2__tier3_gdb_only__ctx10__t1,libxml2-2,openrouter/nvidia/nemotron-nano-9b-v2,tier3_gdb_only.json,10,1,ok,44.512,c,/bin/bash,False,False,1,"{""backtrace"": 1}",1735.0,728.0,1007.0,1933,True,False,,,HTMLparser.c,2472.0,,False,False,False,False,/Users/ibraheemamin/Documents/cos484-final-project/chatdbgpro/bench/results/nemotron-full/libxml2-2__tier3__openrouter_nvidia_nemotron-nano-9b-v2__tier3_gdb_only__ctx10__t1
nemotron-full,libxml2-3__tier3__openrouter_nvidia_nemotron-nano-9b-v2__tier3_gdb_only__ctx10__t1,libxml2-3,openrouter/nvidia/nemotron-nano-9b-v2,tier3_gdb_only.json,10,1,ok,36.13,c,/bin/bash,False,False,1,"{""backtrace"": 1}",2419.0,728.0,1691.0,1324,True,False,,,parser.c,6708.0,,False,False,False,False,/Users/ibraheemamin/Documents/cos484-final-project/chatdbgpro/bench/results/nemotron-full/libxml2-3__tier3__openrouter_nvidia_nemotron-nano-9b-v2__tier3_gdb_only__ctx10__t1
nemotron-full,libxml2-4__tier3__openrouter_nvidia_nemotron-nano-9b-v2__tier3_gdb_only__ctx10__t1,libxml2-4,openrouter/nvidia/nemotron-nano-9b-v2,tier3_gdb_only.json,10,1,ok,55.515,c,/bin/bash,False,False,3,"{""info"": 1, ""backtrace"": 1, ""frame"": 1}",2492.0,1477.0,1015.0,3733,True,False,,,parser.c,6933.0,,False,False,False,False,/Users/ibraheemamin/Documents/cos484-final-project/chatdbgpro/bench/results/nemotron-full/libxml2-4__tier3__openrouter_nvidia_nemotron-nano-9b-v2__tier3_gdb_only__ctx10__t1
nemotron-full,libxml2-5__tier3__openrouter_nvidia_nemotron-nano-9b-v2__tier3_gdb_only__ctx10__t1,libxml2-5,openrouter/nvidia/nemotron-nano-9b-v2,tier3_gdb_only.json,10,1,ok,29.347,c,/bin/bash,False,False,1,"{""backtrace"": 1}",1699.0,728.0,971.0,953,True,False,,,parser.c,3353.0,,False,False,False,False,/Users/ibraheemamin/Documents/cos484-final-project/chatdbgpro/bench/results/nemotron-full/libxml2-5__tier3__openrouter_nvidia_nemotron-nano-9b-v2__tier3_gdb_only__ctx10__t1
nemotron-full,libxml2-6__tier3__openrouter_nvidia_nemotron-nano-9b-v2__tier3_gdb_only__ctx10__t1,libxml2-6,openrouter/nvidia/nemotron-nano-9b-v2,tier3_gdb_only.json,10,1,ok,28.364,c,/bin/bash,False,False,1,"{""backtrace"": 1}",1687.0,728.0,959.0,1954,True,False,,,parser.c,2252.0,,False,False,False,False,/Users/ibraheemamin/Documents/cos484-final-project/chatdbgpro/bench/results/nemotron-full/libxml2-6__tier3__openrouter_nvidia_nemotron-nano-9b-v2__tier3_gdb_only__ctx10__t1
nemotron-full,libxml2-7__tier3__openrouter_nvidia_nemotron-nano-9b-v2__tier3_gdb_only__ctx10__t1,libxml2-7,openrouter/nvidia/nemotron-nano-9b-v2,tier3_gdb_only.json,10,1,ok,70.82,c,/bin/bash,False,False,2,"{""backtrace"": 1, ""info"": 1}",6212.0,1346.0,4866.0,1474,False,False,,,parser.c,8468.0,,False,False,False,False,/Users/ibraheemamin/Documents/cos484-final-project/chatdbgpro/bench/results/nemotron-full/libxml2-7__tier3__openrouter_nvidia_nemotron-nano-9b-v2__tier3_gdb_only__ctx10__t1
nemotron-full,md4c-10__tier3__openrouter_nvidia_nemotron-nano-9b-v2__tier3_gdb_only__ctx10__t1,md4c-10,openrouter/nvidia/nemotron-nano-9b-v2,tier3_gdb_only.json,10,1,ok,53.858,c,/bin/sed,False,False,3,"{""backtrace"": 1, ""info"": 1, ""code"": 1}",3443.0,1819.0,1624.0,3122,True,False,,,md4c.c,4739.0,,False,False,False,False,/Users/ibraheemamin/Documents/cos484-final-project/chatdbgpro/bench/results/nemotron-full/md4c-10__tier3__openrouter_nvidia_nemotron-nano-9b-v2__tier3_gdb_only__ctx10__t1
nemotron-full,md4c-1__tier3__openrouter_nvidia_nemotron-nano-9b-v2__tier3_gdb_only__ctx10__t1,md4c-1,openrouter/nvidia/nemotron-nano-9b-v2,tier3_gdb_only.json,10,1,ok,40.665,c,/bin/sed,False,False,1,"{""info"": 1}",2894.0,875.0,2019.0,2578,True,False,,,md4c.c,5641.0,,False,False,False,False,/Users/ibraheemamin/Documents/cos484-final-project/chatdbgpro/bench/results/nemotron-full/md4c-1__tier3__openrouter_nvidia_nemotron-nano-9b-v2__tier3_gdb_only__ctx10__t1
nemotron-full,md4c-2__tier3__openrouter_nvidia_nemotron-nano-9b-v2__tier3_gdb_only__ctx10__t1,md4c-2,openrouter/nvidia/nemotron-nano-9b-v2,tier3_gdb_only.json,10,1,ok,43.706,c,/bin/sed,False,False,2,"{""backtrace"": 1, ""info"": 1}",3001.0,1377.0,1624.0,1823,True,False,,,md4c.c,3961.0,,False,False,False,False,/Users/ibraheemamin/Documents/cos484-final-project/chatdbgpro/bench/results/nemotron-full/md4c-2__tier3__openrouter_nvidia_nemotron-nano-9b-v2__tier3_gdb_only__ctx10__t1
nemotron-full,md4c-3__tier3__openrouter_nvidia_nemotron-nano-9b-v2__tier3_gdb_only__ctx10__t1,md4c-3,openrouter/nvidia/nemotron-nano-9b-v2,tier3_gdb_only.json,10,1,ok,60.519,c,/bin/sed,False,False,3,"{""backtrace"": 1, ""info"": 1, ""frame"": 1}",2964.0,1476.0,1488.0,1715,True,False,,,md4c.c,3490.0,,False,False,False,False,/Users/ibraheemamin/Documents/cos484-final-project/chatdbgpro/bench/results/nemotron-full/md4c-3__tier3__openrouter_nvidia_nemotron-nano-9b-v2__tier3_gdb_only__ctx10__t1
nemotron-full,md4c-4__tier3__openrouter_nvidia_nemotron-nano-9b-v2__tier3_gdb_only__ctx10__t1,md4c-4,openrouter/nvidia/nemotron-nano-9b-v2,tier3_gdb_only.json,10,1,ok,42.964,c,/bin/sed,False,False,2,"{""backtrace"": 1, ""info"": 1}",2794.0,1380.0,1414.0,2286,True,False,,,md4c.c,1589.0,,False,False,False,False,/Users/ibraheemamin/Documents/cos484-final-project/chatdbgpro/bench/results/nemotron-full/md4c-4__tier3__openrouter_nvidia_nemotron-nano-9b-v2__tier3_gdb_only__ctx10__t1
nemotron-full,md4c-5__tier3__openrouter_nvidia_nemotron-nano-9b-v2__tier3_gdb_only__ctx10__t1,md4c-5,openrouter/nvidia/nemotron-nano-9b-v2,tier3_gdb_only.json,10,1,ok,31.343,c,/bin/sed,False,False,1,"{""bt"": 1}",2874.0,825.0,2049.0,2191,True,False,,,md4c.c,3527.0,,False,False,False,False,/Users/ibraheemamin/Documents/cos484-final-project/chatdbgpro/bench/results/nemotron-full/md4c-5__tier3__openrouter_nvidia_nemotron-nano-9b-v2__tier3_gdb_only__ctx10__t1
nemotron-full,md4c-6__tier3__openrouter_nvidia_nemotron-nano-9b-v2__tier3_gdb_only__ctx10__t1,md4c-6,openrouter/nvidia/nemotron-nano-9b-v2,tier3_gdb_only.json,10,1,timeout,7959.233,c,/bin/sed,False,False,2,"{""bt"": 1, ""code"": 1}",2628.0,1071.0,1557.0,2351,True,False,,,md4c.c,4579.0,,False,False,False,False,/Users/ibraheemamin/Documents/cos484-final-project/chatdbgpro/bench/results/nemotron-full/md4c-6__tier3__openrouter_nvidia_nemotron-nano-9b-v2__tier3_gdb_only__ctx10__t1
nemotron-full,md4c-7__tier3__openrouter_nvidia_nemotron-nano-9b-v2__tier3_gdb_only__ctx10__t1,md4c-7,openrouter/nvidia/nemotron-nano-9b-v2,tier3_gdb_only.json,10,1,ok,72.329,c,/bin/sed,False,False,2,"{""backtrace"": 1, ""info"": 1}",3070.0,1383.0,1687.0,2486,True,False,,,md4c.c,3725.0,,False,False,False,False,/Users/ibraheemamin/Documents/cos484-final-project/chatdbgpro/bench/results/nemotron-full/md4c-7__tier3__openrouter_nvidia_nemotron-nano-9b-v2__tier3_gdb_only__ctx10__t1
nemotron-full,md4c-8__tier3__openrouter_nvidia_nemotron-nano-9b-v2__tier3_gdb_only__ctx10__t1,md4c-8,openrouter/nvidia/nemotron-nano-9b-v2,tier3_gdb_only.json,10,1,ok,42.027,c,/bin/sed,False,False,1,"{""bt"": 1}",3100.0,830.0,2270.0,2619,True,False,,,md4c.c,5486.0,,False,False,False,False,/Users/ibraheemamin/Documents/cos484-final-project/chatdbgpro/bench/results/nemotron-full/md4c-8__tier3__openrouter_nvidia_nemotron-nano-9b-v2__tier3_gdb_only__ctx10__t1
nemotron-full,md4c-9__tier3__openrouter_nvidia_nemotron-nano-9b-v2__tier3_gdb_only__ctx10__t1,md4c-9,openrouter/nvidia/nemotron-nano-9b-v2,tier3_gdb_only.json,10,1,no_collect,1.792,c,,False,False,0,{},,,,0,False,False,,,md4c.c,5700.0,,False,False,False,False,/Users/ibraheemamin/Documents/cos484-final-project/chatdbgpro/bench/results/nemotron-full/md4c-9__tier3__openrouter_nvidia_nemotron-nano-9b-v2__tier3_gdb_only__ctx10__t1
nemotron-full,ndpi-1__tier3__openrouter_nvidia_nemotron-nano-9b-v2__tier3_gdb_only__ctx10__t1,ndpi-1,openrouter/nvidia/nemotron-nano-9b-v2,tier3_gdb_only.json,10,1,ok,41.534,c,/bin/sed,False,False,2,"{""backtrace"": 1, ""info"": 1}",3200.0,1380.0,1820.0,2671,True,False,,,tls.c,243.0,,False,False,False,False,/Users/ibraheemamin/Documents/cos484-final-project/chatdbgpro/bench/results/nemotron-full/ndpi-1__tier3__openrouter_nvidia_nemotron-nano-9b-v2__tier3_gdb_only__ctx10__t1
nemotron-full,ndpi-2__tier3__openrouter_nvidia_nemotron-nano-9b-v2__tier3_gdb_only__ctx10__t1,ndpi-2,openrouter/nvidia/nemotron-nano-9b-v2,tier3_gdb_only.json,10,1,ok,29.232,c,/bin/sed,False,False,1,"{""info"": 1}",1754.0,732.0,1022.0,568,False,False,,,ndpi_main.c,4687.0,,False,False,False,False,/Users/ibraheemamin/Documents/cos484-final-project/chatdbgpro/bench/results/nemotron-full/ndpi-2__tier3__openrouter_nvidia_nemotron-nano-9b-v2__tier3_gdb_only__ctx10__t1
nemotron-full,ndpi-3__tier3__openrouter_nvidia_nemotron-nano-9b-v2__tier3_gdb_only__ctx10__t1,ndpi-3,openrouter/nvidia/nemotron-nano-9b-v2,tier3_gdb_only.json,10,1,ok,44.496,c,/bin/sed,False,False,2,"{""backtrace"": 1, ""info"": 1}",2186.0,850.0,1336.0,1624,True,False,,,syslog.c,73.0,,False,False,False,False,/Users/ibraheemamin/Documents/cos484-final-project/chatdbgpro/bench/results/nemotron-full/ndpi-3__tier3__openrouter_nvidia_nemotron-nano-9b-v2__tier3_gdb_only__ctx10__t1
nemotron-full,ndpi-4__tier3__openrouter_nvidia_nemotron-nano-9b-v2__tier3_gdb_only__ctx10__t1,ndpi-4,openrouter/nvidia/nemotron-nano-9b-v2,tier3_gdb_only.json,10,1,ok,38.017,c,/bin/sed,False,False,2,"{""backtrace"": 1, ""info"": 1}",1811.0,789.0,1022.0,1444,True,False,,,http.c,414.0,,False,False,False,False,/Users/ibraheemamin/Documents/cos484-final-project/chatdbgpro/bench/results/nemotron-full/ndpi-4__tier3__openrouter_nvidia_nemotron-nano-9b-v2__tier3_gdb_only__ctx10__t1
nemotron-full,proj-10__tier3__openrouter_nvidia_nemotron-nano-9b-v2__tier3_gdb_only__ctx10__t1,proj-10,openrouter/nvidia/nemotron-nano-9b-v2,tier3_gdb_only.json,10,1,ok,36.192,c,/usr/bin/bash,False,False,1,"{""backtrace"": 1}",2526.0,728.0,1798.0,1718,True,False,,,aeqd.cpp,151.0,,False,False,False,False,/Users/ibraheemamin/Documents/cos484-final-project/chatdbgpro/bench/results/nemotron-full/proj-10__tier3__openrouter_nvidia_nemotron-nano-9b-v2__tier3_gdb_only__ctx10__t1
nemotron-full,proj-11__tier3__openrouter_nvidia_nemotron-nano-9b-v2__tier3_gdb_only__ctx10__t1,proj-11,openrouter/nvidia/nemotron-nano-9b-v2,tier3_gdb_only.json,10,1,ok,26.623,c,/usr/bin/bash,False,False,1,"{""backtrace"": 1}",1389.0,728.0,661.0,745,True,False,,,lcc.cpp,108.0,,False,False,False,False,/Users/ibraheemamin/Documents/cos484-final-project/chatdbgpro/bench/results/nemotron-full/proj-11__tier3__openrouter_nvidia_nemotron-nano-9b-v2__tier3_gdb_only__ctx10__t1
nemotron-full,proj-12__tier3__openrouter_nvidia_nemotron-nano-9b-v2__tier3_gdb_only__ctx10__t1,proj-12,openrouter/nvidia/nemotron-nano-9b-v2,tier3_gdb_only.json,10,1,ok,26.889,c,/usr/bin/bash,False,False,1,"{""backtrace"": 1}",1527.0,728.0,799.0,1292,True,False,,,sterea.cpp,53.0,,False,False,False,False,/Users/ibraheemamin/Documents/cos484-final-project/chatdbgpro/bench/results/nemotron-full/proj-12__tier3__openrouter_nvidia_nemotron-nano-9b-v2__tier3_gdb_only__ctx10__t1
nemotron-full,proj-13__tier3__openrouter_nvidia_nemotron-nano-9b-v2__tier3_gdb_only__ctx10__t1,proj-13,openrouter/nvidia/nemotron-nano-9b-v2,tier3_gdb_only.json,10,1,ok,21.236,c,/usr/bin/bash,False,False,0,{},2265.0,664.0,1601.0,2633,True,False,,,ell_set.cpp,399.0,,False,False,False,False,/Users/ibraheemamin/Documents/cos484-final-project/chatdbgpro/bench/results/nemotron-full/proj-13__tier3__openrouter_nvidia_nemotron-nano-9b-v2__tier3_gdb_only__ctx10__t1
nemotron-full,proj-14__tier3__openrouter_nvidia_nemotron-nano-9b-v2__tier3_gdb_only__ctx10__t1,proj-14,openrouter/nvidia/nemotron-nano-9b-v2,tier3_gdb_only.json,10,1,ok,33.657,c,/usr/bin/bash,False,False,2,"{""bt"": 1, ""code"": 1}",2418.0,1189.0,1229.0,3520,True,False,,,factory.cpp,5642.0,,False,False,False,False,/Users/ibraheemamin/Documents/cos484-final-project/chatdbgpro/bench/results/nemotron-full/proj-14__tier3__openrouter_nvidia_nemotron-nano-9b-v2__tier3_gdb_only__ctx10__t1
nemotron-full,proj-15__tier3__openrouter_nvidia_nemotron-nano-9b-v2__tier3_gdb_only__ctx10__t1,proj-15,openrouter/nvidia/nemotron-nano-9b-v2,tier3_gdb_only.json,10,1,ok,27.052,c,/usr/bin/bash,False,False,1,"{""backtrace"": 1}",1876.0,728.0,1148.0,1769,True,False,,,io.cpp,6132.0,,False,False,False,False,/Users/ibraheemamin/Documents/cos484-final-project/chatdbgpro/bench/results/nemotron-full/proj-15__tier3__openrouter_nvidia_nemotron-nano-9b-v2__tier3_gdb_only__ctx10__t1
nemotron-full,proj-16__tier3__openrouter_nvidia_nemotron-nano-9b-v2__tier3_gdb_only__ctx10__t1,proj-16,openrouter/nvidia/nemotron-nano-9b-v2,tier3_gdb_only.json,10,1,ok,21.385,c,/usr/bin/bash,False,False,0,{},1994.0,664.0,1330.0,1961,True,False,,,lcc.cpp,125.0,,False,False,False,False,/Users/ibraheemamin/Documents/cos484-final-project/chatdbgpro/bench/results/nemotron-full/proj-16__tier3__openrouter_nvidia_nemotron-nano-9b-v2__tier3_gdb_only__ctx10__t1
nemotron-full,proj-17__tier3__openrouter_nvidia_nemotron-nano-9b-v2__tier3_gdb_only__ctx10__t1,proj-17,openrouter/nvidia/nemotron-nano-9b-v2,tier3_gdb_only.json,10,1,ok,44.584,c,/usr/bin/bash,False,False,2,"{""backtrace"": 1, ""info"": 1}",3684.0,1395.0,2289.0,1843,True,False,,,omerc.cpp,154.0,,False,False,False,False,/Users/ibraheemamin/Documents/cos484-final-project/chatdbgpro/bench/results/nemotron-full/proj-17__tier3__openrouter_nvidia_nemotron-nano-9b-v2__tier3_gdb_only__ctx10__t1
nemotron-full,proj-18__tier3__openrouter_nvidia_nemotron-nano-9b-v2__tier3_gdb_only__ctx10__t1,proj-18,openrouter/nvidia/nemotron-nano-9b-v2,tier3_gdb_only.json,10,1,ok,27.768,c,/usr/bin/bash,False,False,1,"{""bt"": 1}",2091.0,966.0,1125.0,2235,True,False,,,tmerc.cpp,188.0,,False,False,False,False,/Users/ibraheemamin/Documents/cos484-final-project/chatdbgpro/bench/results/nemotron-full/proj-18__tier3__openrouter_nvidia_nemotron-nano-9b-v2__tier3_gdb_only__ctx10__t1
nemotron-full,proj-19__tier3__openrouter_nvidia_nemotron-nano-9b-v2__tier3_gdb_only__ctx10__t1,proj-19,openrouter/nvidia/nemotron-nano-9b-v2,tier3_gdb_only.json,10,1,ok,26.577,c,/usr/bin/bash,False,False,0,{},2810.0,664.0,2146.0,2617,True,False,,,4D_api.cpp,362.0,,False,False,False,False,/Users/ibraheemamin/Documents/cos484-final-project/chatdbgpro/bench/results/nemotron-full/proj-19__tier3__openrouter_nvidia_nemotron-nano-9b-v2__tier3_gdb_only__ctx10__t1
nemotron-full,proj-1__tier3__openrouter_nvidia_nemotron-nano-9b-v2__tier3_gdb_only__ctx10__t1,proj-1,openrouter/nvidia/nemotron-nano-9b-v2,tier3_gdb_only.json,10,1,ok,34.004,c,/usr/bin/bash,False,False,1,"{""backtrace"": 1}",1511.0,728.0,783.0,900,True,False,,,omerc.cpp,191.0,,False,False,False,False,/Users/ibraheemamin/Documents/cos484-final-project/chatdbgpro/bench/results/nemotron-full/proj-1__tier3__openrouter_nvidia_nemotron-nano-9b-v2__tier3_gdb_only__ctx10__t1
nemotron-full,proj-20__tier3__openrouter_nvidia_nemotron-nano-9b-v2__tier3_gdb_only__ctx10__t1,proj-20,openrouter/nvidia/nemotron-nano-9b-v2,tier3_gdb_only.json,10,1,ok,23.833,c,/usr/bin/bash,False,False,1,"{""backtrace"": 1}",1634.0,728.0,906.0,1150,True,False,,,grids.cpp,1899.0,,False,False,False,False,/Users/ibraheemamin/Documents/cos484-final-project/chatdbgpro/bench/results/nemotron-full/proj-20__tier3__openrouter_nvidia_nemotron-nano-9b-v2__tier3_gdb_only__ctx10__t1
nemotron-full,proj-21__tier3__openrouter_nvidia_nemotron-nano-9b-v2__tier3_gdb_only__ctx10__t1,proj-21,openrouter/nvidia/nemotron-nano-9b-v2,tier3_gdb_only.json,10,1,ok,21.957,c,/usr/bin/bash,False,False,1,"{""backtrace"": 1}",1497.0,728.0,769.0,1209,False,False,,,laea.cpp,248.0,,False,False,False,False,/Users/ibraheemamin/Documents/cos484-final-project/chatdbgpro/bench/results/nemotron-full/proj-21__tier3__openrouter_nvidia_nemotron-nano-9b-v2__tier3_gdb_only__ctx10__t1
nemotron-full,proj-22__tier3__openrouter_nvidia_nemotron-nano-9b-v2__tier3_gdb_only__ctx10__t1,proj-22,openrouter/nvidia/nemotron-nano-9b-v2,tier3_gdb_only.json,10,1,ok,27.072,c,/usr/bin/bash,False,False,1,"{""backtrace"": 1}",1449.0,728.0,721.0,1006,False,False,,,aea.cpp,180.0,,False,False,False,False,/Users/ibraheemamin/Documents/cos484-final-project/chatdbgpro/bench/results/nemotron-full/proj-22__tier3__openrouter_nvidia_nemotron-nano-9b-v2__tier3_gdb_only__ctx10__t1
nemotron-full,proj-23__tier3__openrouter_nvidia_nemotron-nano-9b-v2__tier3_gdb_only__ctx10__t1,proj-23,openrouter/nvidia/nemotron-nano-9b-v2,tier3_gdb_only.json,10,1,ok,24.543,c,/usr/bin/bash,False,False,1,"{""backtrace"": 1}",1531.0,728.0,803.0,1171,False,True,,,c_api.cpp,348.0,,False,False,False,False,/Users/ibraheemamin/Documents/cos484-final-project/chatdbgpro/bench/results/nemotron-full/proj-23__tier3__openrouter_nvidia_nemotron-nano-9b-v2__tier3_gdb_only__ctx10__t1
nemotron-full,proj-24__tier3__openrouter_nvidia_nemotron-nano-9b-v2__tier3_gdb_only__ctx10__t1,proj-24,openrouter/nvidia/nemotron-nano-9b-v2,tier3_gdb_only.json,10,1,ok,41.721,c,/usr/bin/bash,False,False,2,"{""backtrace"": 1, ""info"": 1}",2940.0,1397.0,1543.0,1634,True,False,,,labrd.cpp,108.0,,False,False,False,False,/Users/ibraheemamin/Documents/cos484-final-project/chatdbgpro/bench/results/nemotron-full/proj-24__tier3__openrouter_nvidia_nemotron-nano-9b-v2__tier3_gdb_only__ctx10__t1
nemotron-full,proj-25__tier3__openrouter_nvidia_nemotron-nano-9b-v2__tier3_gdb_only__ctx10__t1,proj-25,openrouter/nvidia/nemotron-nano-9b-v2,tier3_gdb_only.json,10,1,ok,23.145,c,/usr/bin/bash,False,False,0,{},2518.0,664.0,1854.0,3339,True,False,,,coordinateoperationfactory.cpp,5346.0,,False,False,False,False,/Users/ibraheemamin/Documents/cos484-final-project/chatdbgpro/bench/results/nemotron-full/proj-25__tier3__openrouter_nvidia_nemotron-nano-9b-v2__tier3_gdb_only__ctx10__t1
nemotron-full,proj-26__tier3__openrouter_nvidia_nemotron-nano-9b-v2__tier3_gdb_only__ctx10__t1,proj-26,openrouter/nvidia/nemotron-nano-9b-v2,tier3_gdb_only.json,10,1,ok,23.679,c,/usr/bin/bash,False,False,1,"{""backtrace"": 1}",1484.0,728.0,756.0,1228,True,False,,,transformation.cpp,2806.0,,False,False,False,False,/Users/ibraheemamin/Documents/cos484-final-project/chatdbgpro/bench/results/nemotron-full/proj-26__tier3__openrouter_nvidia_nemotron-nano-9b-v2__tier3_gdb_only__ctx10__t1
nemotron-full,proj-27__tier3__openrouter_nvidia_nemotron-nano-9b-v2__tier3_gdb_only__ctx10__t1,proj-27,openrouter/nvidia/nemotron-nano-9b-v2,tier3_gdb_only.json,10,1,ok,28.201,c,/usr/bin/bash,False,False,1,"{""backtrace"": 1}",1514.0,728.0,786.0,918,True,False,,,io.cpp,3839.0,,False,False,False,False,/Users/ibraheemamin/Documents/cos484-final-project/chatdbgpro/bench/results/nemotron-full/proj-27__tier3__openrouter_nvidia_nemotron-nano-9b-v2__tier3_gdb_only__ctx10__t1
nemotron-full,proj-28__tier3__openrouter_nvidia_nemotron-nano-9b-v2__tier3_gdb_only__ctx10__t1,proj-28,openrouter/nvidia/nemotron-nano-9b-v2,tier3_gdb_only.json,10,1,ok,23.638,c,/usr/bin/bash,False,False,1,"{""backtrace"": 1}",1584.0,728.0,856.0,1825,True,False,,,stere.cpp,86.0,,False,False,False,False,/Users/ibraheemamin/Documents/cos484-final-project/chatdbgpro/bench/results/nemotron-full/proj-28__tier3__openrouter_nvidia_nemotron-nano-9b-v2__tier3_gdb_only__ctx10__t1
nemotron-full,proj-2__tier3__openrouter_nvidia_nemotron-nano-9b-v2__tier3_gdb_only__ctx10__t1,proj-2,openrouter/nvidia/nemotron-nano-9b-v2,tier3_gdb_only.json,10,1,ok,23.375,c,/usr/bin/bash,False,False,0,{},2459.0,664.0,1795.0,1506,True,False,,,airy.cpp,79.0,,False,False,False,False,/Users/ibraheemamin/Documents/cos484-final-project/chatdbgpro/bench/results/nemotron-full/proj-2__tier3__openrouter_nvidia_nemotron-nano-9b-v2__tier3_gdb_only__ctx10__t1
nemotron-full,proj-3__tier3__openrouter_nvidia_nemotron-nano-9b-v2__tier3_gdb_only__ctx10__t1,proj-3,openrouter/nvidia/nemotron-nano-9b-v2,tier3_gdb_only.json,10,1,ok,25.177,c,/usr/bin/bash,False,False,1,"{""backtrace"": 1}",1542.0,728.0,814.0,1300,True,False,,,isea.cpp,898.0,,False,False,False,False,/Users/ibraheemamin/Documents/cos484-final-project/chatdbgpro/bench/results/nemotron-full/proj-3__tier3__openrouter_nvidia_nemotron-nano-9b-v2__tier3_gdb_only__ctx10__t1
nemotron-full,proj-6__tier3__openrouter_nvidia_nemotron-nano-9b-v2__tier3_gdb_only__ctx10__t1,proj-6,openrouter/nvidia/nemotron-nano-9b-v2,tier3_gdb_only.json,10,1,ok,24.026,c,/usr/bin/bash,False,False,1,"{""backtrace"": 1}",1699.0,728.0,971.0,1320,True,False,,,crs.cpp,3728.0,,False,False,False,False,/Users/ibraheemamin/Documents/cos484-final-project/chatdbgpro/bench/results/nemotron-full/proj-6__tier3__openrouter_nvidia_nemotron-nano-9b-v2__tier3_gdb_only__ctx10__t1
nemotron-full,proj-7__tier3__openrouter_nvidia_nemotron-nano-9b-v2__tier3_gdb_only__ctx10__t1,proj-7,openrouter/nvidia/nemotron-nano-9b-v2,tier3_gdb_only.json,10,1,ok,20.369,c,/usr/bin/bash,False,False,0,{},2013.0,664.0,1349.0,3301,True,False,,,metadata.cpp,1124.0,,False,False,False,False,/Users/ibraheemamin/Documents/cos484-final-project/chatdbgpro/bench/results/nemotron-full/proj-7__tier3__openrouter_nvidia_nemotron-nano-9b-v2__tier3_gdb_only__ctx10__t1
nemotron-full,proj-8__tier3__openrouter_nvidia_nemotron-nano-9b-v2__tier3_gdb_only__ctx10__t1,proj-8,openrouter/nvidia/nemotron-nano-9b-v2,tier3_gdb_only.json,10,1,ok,28.973,c,/usr/bin/bash,False,False,1,"{""backtrace"": 1}",1546.0,728.0,818.0,1085,True,False,,,aea.cpp,155.0,,False,False,False,False,/Users/ibraheemamin/Documents/cos484-final-project/chatdbgpro/bench/results/nemotron-full/proj-8__tier3__openrouter_nvidia_nemotron-nano-9b-v2__tier3_gdb_only__ctx10__t1
nemotron-full,proj-9__tier3__openrouter_nvidia_nemotron-nano-9b-v2__tier3_gdb_only__ctx10__t1,proj-9,openrouter/nvidia/nemotron-nano-9b-v2,tier3_gdb_only.json,10,1,ok,24.122,c,/usr/bin/bash,False,False,1,"{""backtrace"": 1}",1526.0,728.0,798.0,1154,False,True,,,urm5.cpp,45.0,,False,False,False,False,/Users/ibraheemamin/Documents/cos484-final-project/chatdbgpro/bench/results/nemotron-full/proj-9__tier3__openrouter_nvidia_nemotron-nano-9b-v2__tier3_gdb_only__ctx10__t1
nemotron-full,wget2-1__tier3__openrouter_nvidia_nemotron-nano-9b-v2__tier3_gdb_only__ctx10__t1,wget2-1,openrouter/nvidia/nemotron-nano-9b-v2,tier3_gdb_only.json,10,1,ok,26.367,c,/usr/bin/bash,False,False,0,{},2585.0,664.0,1921.0,1865,True,False,,,wget.c,3304.0,,False,False,False,False,/Users/ibraheemamin/Documents/cos484-final-project/chatdbgpro/bench/results/nemotron-full/wget2-1__tier3__openrouter_nvidia_nemotron-nano-9b-v2__tier3_gdb_only__ctx10__t1
nemotron-full,wget2-2__tier3__openrouter_nvidia_nemotron-nano-9b-v2__tier3_gdb_only__ctx10__t1,wget2-2,openrouter/nvidia/nemotron-nano-9b-v2,tier3_gdb_only.json,10,1,ok,22.193,c,/usr/bin/bash,False,False,1,"{""backtrace"": 1}",1489.0,728.0,761.0,912,False,False,,,wget.c,3305.0,,False,False,False,False,/Users/ibraheemamin/Documents/cos484-final-project/chatdbgpro/bench/results/nemotron-full/wget2-2__tier3__openrouter_nvidia_nemotron-nano-9b-v2__tier3_gdb_only__ctx10__t1
nemotron-full,wget2-3__tier3__openrouter_nvidia_nemotron-nano-9b-v2__tier3_gdb_only__ctx10__t1,wget2-3,openrouter/nvidia/nemotron-nano-9b-v2,tier3_gdb_only.json,10,1,ok,43.917,c,/usr/bin/bash,False,False,2,"{""backtrace"": 1, ""info"": 1}",3797.0,1389.0,2408.0,1362,True,False,,,decompressor.c,530.0,,False,False,False,False,/Users/ibraheemamin/Documents/cos484-final-project/chatdbgpro/bench/results/nemotron-full/wget2-3__tier3__openrouter_nvidia_nemotron-nano-9b-v2__tier3_gdb_only__ctx10__t1
nemotron-full,wireshark-3__tier3__openrouter_nvidia_nemotron-nano-9b-v2__tier3_gdb_only__ctx10__t1,wireshark-3,openrouter/nvidia/nemotron-nano-9b-v2,tier3_gdb_only.json,10,1,ok,28.516,c,/usr/bin/bash,False,False,1,"{""backtrace"": 1}",1759.0,728.0,1031.0,717,False,False,,,packet-ip.c,2604.0,,False,False,False,False,/Users/ibraheemamin/Documents/cos484-final-project/chatdbgpro/bench/results/nemotron-full/wireshark-3__tier3__openrouter_nvidia_nemotron-nano-9b-v2__tier3_gdb_only__ctx10__t1
nemotron-full,wireshark-4__tier3__openrouter_nvidia_nemotron-nano-9b-v2__tier3_gdb_only__ctx10__t1,wireshark-4,openrouter/nvidia/nemotron-nano-9b-v2,tier3_gdb_only.json,10,1,ok,49.221,c,/usr/bin/bash,False,False,2,"{""info"": 1, ""code"": 1}",2859.0,1485.0,1374.0,4331,True,False,,,dot11decrypt.c,328.0,,False,False,False,False,/Users/ibraheemamin/Documents/cos484-final-project/chatdbgpro/bench/results/nemotron-full/wireshark-4__tier3__openrouter_nvidia_nemotron-nano-9b-v2__tier3_gdb_only__ctx10__t1
nemotron-full,wireshark-5__tier3__openrouter_nvidia_nemotron-nano-9b-v2__tier3_gdb_only__ctx10__t1,wireshark-5,openrouter/nvidia/nemotron-nano-9b-v2,tier3_gdb_only.json,10,1,ok,29.663,c,/usr/bin/bash,False,False,1,"{""backtrace"": 1}",1521.0,728.0,793.0,1125,False,True,,,print.c,1367.0,,False,False,False,False,/Users/ibraheemamin/Documents/cos484-final-project/chatdbgpro/bench/results/nemotron-full/wireshark-5__tier3__openrouter_nvidia_nemotron-nano-9b-v2__tier3_gdb_only__ctx10__t1
nemotron-full,wireshark-6__tier3__openrouter_nvidia_nemotron-nano-9b-v2__tier3_gdb_only__ctx10__t1,wireshark-6,openrouter/nvidia/nemotron-nano-9b-v2,tier3_gdb_only.json,10,1,ok,28.894,c,/usr/bin/bash,False,False,1,"{""backtrace"": 1}",1514.0,728.0,786.0,918,True,False,,,wslua_byte_array.c,259.0,,False,False,False,False,/Users/ibraheemamin/Documents/cos484-final-project/chatdbgpro/bench/results/nemotron-full/wireshark-6__tier3__openrouter_nvidia_nemotron-nano-9b-v2__tier3_gdb_only__ctx10__t1
nemotron-full,yaml_cpp-10__tier3__openrouter_nvidia_nemotron-nano-9b-v2__tier3_gdb_only__ctx10__t1,yaml_cpp-10,openrouter/nvidia/nemotron-nano-9b-v2,tier3_gdb_only.json,10,1,ok,37.271,c,/bin/sed,False,False,1,"{""backtrace"": 1}",2082.0,728.0,1354.0,1693,True,False,,,singledocparser.cpp,80.0,,False,False,False,False,/Users/ibraheemamin/Documents/cos484-final-project/chatdbgpro/bench/results/nemotron-full/yaml_cpp-10__tier3__openrouter_nvidia_nemotron-nano-9b-v2__tier3_gdb_only__ctx10__t1
nemotron-full,yaml_cpp-1__tier3__openrouter_nvidia_nemotron-nano-9b-v2__tier3_gdb_only__ctx10__t1,yaml_cpp-1,openrouter/nvidia/nemotron-nano-9b-v2,tier3_gdb_only.json,10,1,ok,34.584,c,/bin/sed,False,False,2,"{""backtrace"": 1, ""info"": 1}",2563.0,1380.0,1183.0,1480,True,False,,,singledocparser.cpp,48.0,,False,False,False,False,/Users/ibraheemamin/Documents/cos484-final-project/chatdbgpro/bench/results/nemotron-full/yaml_cpp-1__tier3__openrouter_nvidia_nemotron-nano-9b-v2__tier3_gdb_only__ctx10__t1
nemotron-full,yaml_cpp-2__tier3__openrouter_nvidia_nemotron-nano-9b-v2__tier3_gdb_only__ctx10__t1,yaml_cpp-2,openrouter/nvidia/nemotron-nano-9b-v2,tier3_gdb_only.json,10,1,ok,44.659,c,/bin/sed,False,False,2,"{""backtrace"": 1, ""info"": 1}",2664.0,1373.0,1291.0,1714,True,False,,,emitter.cpp,585.0,,False,False,False,False,/Users/ibraheemamin/Documents/cos484-final-project/chatdbgpro/bench/results/nemotron-full/yaml_cpp-2__tier3__openrouter_nvidia_nemotron-nano-9b-v2__tier3_gdb_only__ctx10__t1
nemotron-full,yaml_cpp-3__tier3__openrouter_nvidia_nemotron-nano-9b-v2__tier3_gdb_only__ctx10__t1,yaml_cpp-3,openrouter/nvidia/nemotron-nano-9b-v2,tier3_gdb_only.json,10,1,ok,40.088,c,/bin/sed,False,False,2,"{""backtrace"": 1, ""info"": 1}",5210.0,3735.0,1475.0,2395,True,False,,,singledocparser.cpp,91.0,,False,False,False,False,/Users/ibraheemamin/Documents/cos484-final-project/chatdbgpro/bench/results/nemotron-full/yaml_cpp-3__tier3__openrouter_nvidia_nemotron-nano-9b-v2__tier3_gdb_only__ctx10__t1
nemotron-full,yaml_cpp-4__tier3__openrouter_nvidia_nemotron-nano-9b-v2__tier3_gdb_only__ctx10__t1,yaml_cpp-4,openrouter/nvidia/nemotron-nano-9b-v2,tier3_gdb_only.json,10,1,ok,36.344,c,/bin/sed,False,False,1,"{""bt"": 1}",3201.0,830.0,2371.0,2278,True,False,,,impl.h,110.0,,False,False,False,False,/Users/ibraheemamin/Documents/cos484-final-project/chatdbgpro/bench/results/nemotron-full/yaml_cpp-4__tier3__openrouter_nvidia_nemotron-nano-9b-v2__tier3_gdb_only__ctx10__t1
nemotron-full,yaml_cpp-5__tier3__openrouter_nvidia_nemotron-nano-9b-v2__tier3_gdb_only__ctx10__t1,yaml_cpp-5,openrouter/nvidia/nemotron-nano-9b-v2,tier3_gdb_only.json,10,1,ok,25.608,c,/bin/sed,False,False,0,{},2979.0,664.0,2315.0,2604,True,False,,,emitter.cpp,708.0,,False,False,False,False,/Users/ibraheemamin/Documents/cos484-final-project/chatdbgpro/bench/results/nemotron-full/yaml_cpp-5__tier3__openrouter_nvidia_nemotron-nano-9b-v2__tier3_gdb_only__ctx10__t1
nemotron-full,yaml_cpp-6__tier3__openrouter_nvidia_nemotron-nano-9b-v2__tier3_gdb_only__ctx10__t1,yaml_cpp-6,openrouter/nvidia/nemotron-nano-9b-v2,tier3_gdb_only.json,10,1,ok,32.831,c,/bin/sed,False,False,1,"{""backtrace"": 1}",2196.0,728.0,1468.0,1212,True,False,,,scanscalar.cpp,204.0,,False,False,False,False,/Users/ibraheemamin/Documents/cos484-final-project/chatdbgpro/bench/results/nemotron-full/yaml_cpp-6__tier3__openrouter_nvidia_nemotron-nano-9b-v2__tier3_gdb_only__ctx10__t1
nemotron-full,yaml_cpp-7__tier3__openrouter_nvidia_nemotron-nano-9b-v2__tier3_gdb_only__ctx10__t1,yaml_cpp-7,openrouter/nvidia/nemotron-nano-9b-v2,tier3_gdb_only.json,10,1,ok,40.221,c,/bin/sed,False,False,2,"{""bt"": 1, ""code"": 1}",2342.0,1264.0,1078.0,2630,True,True,,,emitter.cpp,249.0,,False,False,False,False,/Users/ibraheemamin/Documents/cos484-final-project/chatdbgpro/bench/results/nemotron-full/yaml_cpp-7__tier3__openrouter_nvidia_nemotron-nano-9b-v2__tier3_gdb_only__ctx10__t1
nemotron-full,yaml_cpp-8__tier3__openrouter_nvidia_nemotron-nano-9b-v2__tier3_gdb_only__ctx10__t1,yaml_cpp-8,openrouter/nvidia/nemotron-nano-9b-v2,tier3_gdb_only.json,10,1,ok,38.654,c,/bin/sed,False,False,2,"{""backtrace"": 1, ""print"": 1}",1307.0,794.0,513.0,591,False,False,,,emitterutils.cpp,366.0,,False,False,False,False,/Users/ibraheemamin/Documents/cos484-final-project/chatdbgpro/bench/results/nemotron-full/yaml_cpp-8__tier3__openrouter_nvidia_nemotron-nano-9b-v2__tier3_gdb_only__ctx10__t1
nemotron-full,yaml_cpp-9__tier3__openrouter_nvidia_nemotron-nano-9b-v2__tier3_gdb_only__ctx10__t1,yaml_cpp-9,openrouter/nvidia/nemotron-nano-9b-v2,tier3_gdb_only.json,10,1,ok,40.297,c,/bin/sed,False,False,2,"{""backtrace"": 1, ""info"": 1}",2561.0,1370.0,1191.0,1847,True,False,,,exp.h,37.0,,False,False,False,False,/Users/ibraheemamin/Documents/cos484-final-project/chatdbgpro/bench/results/nemotron-full/yaml_cpp-9__tier3__openrouter_nvidia_nemotron-nano-9b-v2__tier3_gdb_only__ctx10__t1
nemotron-full,yara-1__tier3__openrouter_nvidia_nemotron-nano-9b-v2__tier3_gdb_only__ctx10__t1,yara-1,openrouter/nvidia/nemotron-nano-9b-v2,tier3_gdb_only.json,10,1,ok,32.281,c,/usr/bin/bash,False,False,1,"{""backtrace"": 1}",1936.0,728.0,1208.0,1784,True,False,,,parser.c,730.0,,False,False,False,False,/Users/ibraheemamin/Documents/cos484-final-project/chatdbgpro/bench/results/nemotron-full/yara-1__tier3__openrouter_nvidia_nemotron-nano-9b-v2__tier3_gdb_only__ctx10__t1
nemotron-full,yara-2__tier3__openrouter_nvidia_nemotron-nano-9b-v2__tier3_gdb_only__ctx10__t1,yara-2,openrouter/nvidia/nemotron-nano-9b-v2,tier3_gdb_only.json,10,1,ok,23.913,c,/usr/bin/bash,False,False,0,{},2056.0,664.0,1392.0,2064,True,False,,,scan.c,196.0,,False,False,False,False,/Users/ibraheemamin/Documents/cos484-final-project/chatdbgpro/bench/results/nemotron-full/yara-2__tier3__openrouter_nvidia_nemotron-nano-9b-v2__tier3_gdb_only__ctx10__t1
nemotron-full,yara-3__tier3__openrouter_nvidia_nemotron-nano-9b-v2__tier3_gdb_only__ctx10__t1,yara-3,openrouter/nvidia/nemotron-nano-9b-v2,tier3_gdb_only.json,10,1,ok,55.003,c,/usr/bin/bash,False,False,2,"{""info"": 1, ""bt"": 1}",3635.0,1474.0,2161.0,1853,True,False,,,atoms.c,1072.0,,False,False,False,False,/Users/ibraheemamin/Documents/cos484-final-project/chatdbgpro/bench/results/nemotron-full/yara-3__tier3__openrouter_nvidia_nemotron-nano-9b-v2__tier3_gdb_only__ctx10__t1
nemotron-full,yara-4__tier3__openrouter_nvidia_nemotron-nano-9b-v2__tier3_gdb_only__ctx10__t1,yara-4,openrouter/nvidia/nemotron-nano-9b-v2,tier3_gdb_only.json,10,1,ok,26.799,c,/usr/bin/bash,False,False,1,"{""backtrace"": 1}",1675.0,728.0,947.0,1593,True,False,,,globals.h,30.0,,False,False,False,False,/Users/ibraheemamin/Documents/cos484-final-project/chatdbgpro/bench/results/nemotron-full/yara-4__tier3__openrouter_nvidia_nemotron-nano-9b-v2__tier3_gdb_only__ctx10__t1
nemotron-full,yara-5__tier3__openrouter_nvidia_nemotron-nano-9b-v2__tier3_gdb_only__ctx10__t1,yara-5,openrouter/nvidia/nemotron-nano-9b-v2,tier3_gdb_only.json,10,1,ok,41.008,c,/usr/bin/bash,False,False,1,"{""info"": 1}",5137.0,4227.0,910.0,3824,True,False,,,parser.c,852.0,,False,False,False,False,/Users/ibraheemamin/Documents/cos484-final-project/chatdbgpro/bench/results/nemotron-full/yara-5__tier3__openrouter_nvidia_nemotron-nano-9b-v2__tier3_gdb_only__ctx10__t1
nemotron-full,zsh-1__tier3__openrouter_nvidia_nemotron-nano-9b-v2__tier3_gdb_only__ctx10__t1,zsh-1,openrouter/nvidia/nemotron-nano-9b-v2,tier3_gdb_only.json,10,1,ok,33.334,c,/bin/bash,False,False,2,"{""bt"": 1, ""code"": 1}",2145.0,1193.0,952.0,2238,True,False,,,exec.c,4622.0,,False,False,False,False,/Users/ibraheemamin/Documents/cos484-final-project/chatdbgpro/bench/results/nemotron-full/zsh-1__tier3__openrouter_nvidia_nemotron-nano-9b-v2__tier3_gdb_only__ctx10__t1
nemotron-full,zsh-2__tier3__openrouter_nvidia_nemotron-nano-9b-v2__tier3_gdb_only__ctx10__t1,zsh-2,openrouter/nvidia/nemotron-nano-9b-v2,tier3_gdb_only.json,10,1,ok,24.787,c,/bin/bash,False,False,1,"{""backtrace"": 1}",1571.0,727.0,844.0,1547,True,False,,,zle_keymap.c,155.0,,False,False,False,False,/Users/ibraheemamin/Documents/cos484-final-project/chatdbgpro/bench/results/nemotron-full/zsh-2__tier3__openrouter_nvidia_nemotron-nano-9b-v2__tier3_gdb_only__ctx10__t1
nemotron-full,zsh-3__tier3__openrouter_nvidia_nemotron-nano-9b-v2__tier3_gdb_only__ctx10__t1,zsh-3,openrouter/nvidia/nemotron-nano-9b-v2,tier3_gdb_only.json,10,1,ok,30.3,c,/bin/bash,False,False,1,"{""bt"": 1}",2368.0,966.0,1402.0,3284,True,False,,,parse.c,2509.0,,False,False,False,False,/Users/ibraheemamin/Documents/cos484-final-project/chatdbgpro/bench/results/nemotron-full/zsh-3__tier3__openrouter_nvidia_nemotron-nano-9b-v2__tier3_gdb_only__ctx10__t1
nemotron-full,zsh-4__tier3__openrouter_nvidia_nemotron-nano-9b-v2__tier3_gdb_only__ctx10__t1,zsh-4,openrouter/nvidia/nemotron-nano-9b-v2,tier3_gdb_only.json,10,1,ok,29.647,c,/bin/bash,False,False,1,"{""bt"": 1}",1605.0,808.0,797.0,563,False,True,,,subst.c,3362.0,,False,False,False,False,/Users/ibraheemamin/Documents/cos484-final-project/chatdbgpro/bench/results/nemotron-full/zsh-4__tier3__openrouter_nvidia_nemotron-nano-9b-v2__tier3_gdb_only__ctx10__t1
nemotron-full,zsh-5__tier3__openrouter_nvidia_nemotron-nano-9b-v2__tier3_gdb_only__ctx10__t1,zsh-5,openrouter/nvidia/nemotron-nano-9b-v2,tier3_gdb_only.json,10,1,ok,35.797,c,/bin/bash,False,False,2,"{""bt"": 1, ""code"": 1}",1982.0,1307.0,675.0,2380,False,False,,,zutil.c,200.0,,False,False,False,False,/Users/ibraheemamin/Documents/cos484-final-project/chatdbgpro/bench/results/nemotron-full/zsh-5__tier3__openrouter_nvidia_nemotron-nano-9b-v2__tier3_gdb_only__ctx10__t1
nemotron-md4c9,md4c-9__tier3__openrouter_nvidia_nemotron-nano-9b-v2__tier3_gdb_only__ctx10__t1,md4c-9,openrouter/nvidia/nemotron-nano-9b-v2,tier3_gdb_only.json,10,1,ok,43.923,c,/bin/sed,False,False,2,"{""backtrace"": 1, ""info"": 1}",2653.0,1380.0,1273.0,2288,True,False,,,,,,False,False,False,False,/Users/ibraheemamin/Documents/cos484-final-project/chatdbgpro/bench/results/nemotron-md4c9/md4c-9__tier3__openrouter_nvidia_nemotron-nano-9b-v2__tier3_gdb_only__ctx10__t1
smoke-nemotron-qwen,null-deref-env__tier3__openrouter_nvidia_nemotron-3-nano-30b-a3b__tier3_gdb_only__ctx10__t1,null-deref-env,openrouter/nvidia/nemotron-3-nano-30b-a3b,tier3_gdb_only.json,10,1,no_collect,2.005,c,,False,True,0,{},,,,0,False,False,null_deref,missing_null_check,program.c,13.0,,False,False,False,False,/Users/ibraheemamin/Documents/cos484-final-project/chatdbgpro/bench/results/smoke-nemotron-qwen/null-deref-env__tier3__openrouter_nvidia_nemotron-3-nano-30b-a3b__tier3_gdb_only__ctx10__t1
smoke-nemotron-qwen,null-deref-env__tier3__openrouter_qwen_qwen3-30b-a3b-instruct-2507__tier3_gdb_only__ctx10__t1,null-deref-env,openrouter/qwen/qwen3-30b-a3b-instruct-2507,tier3_gdb_only.json,10,1,no_collect,0.281,c,,False,True,0,{},,,,0,False,False,null_deref,missing_null_check,program.c,13.0,,False,False,False,False,/Users/ibraheemamin/Documents/cos484-final-project/chatdbgpro/bench/results/smoke-nemotron-qwen/null-deref-env__tier3__openrouter_qwen_qwen3-30b-a3b-instruct-2507__tier3_gdb_only__ctx10__t1
smoke-nemotron-qwen,off-by-one-crc__tier3__openrouter_nvidia_nemotron-3-nano-30b-a3b__tier3_gdb_only__ctx10__t1,off-by-one-crc,openrouter/nvidia/nemotron-3-nano-30b-a3b,tier3_gdb_only.json,10,1,no_collect,0.276,c,,False,True,0,{},,,,0,False,False,off_by_one,buffer_overread,program.c,11.0,,False,False,False,False,/Users/ibraheemamin/Documents/cos484-final-project/chatdbgpro/bench/results/smoke-nemotron-qwen/off-by-one-crc__tier3__openrouter_nvidia_nemotron-3-nano-30b-a3b__tier3_gdb_only__ctx10__t1
smoke-nemotron-qwen,off-by-one-crc__tier3__openrouter_qwen_qwen3-30b-a3b-instruct-2507__tier3_gdb_only__ctx10__t1,off-by-one-crc,openrouter/qwen/qwen3-30b-a3b-instruct-2507,tier3_gdb_only.json,10,1,no_collect,0.275,c,,False,True,0,{},,,,0,False,False,off_by_one,buffer_overread,program.c,11.0,,False,False,False,False,/Users/ibraheemamin/Documents/cos484-final-project/chatdbgpro/bench/results/smoke-nemotron-qwen/off-by-one-crc__tier3__openrouter_qwen_qwen3-30b-a3b-instruct-2507__tier3_gdb_only__ctx10__t1
smoke-v2-nemotron-qwen,null-deref-env__tier3__openrouter_nvidia_nemotron-3-nano-30b-a3b__tier3_gdb_only__ctx10__t1,null-deref-env,openrouter/nvidia/nemotron-3-nano-30b-a3b,tier3_gdb_only.json,10,1,no_collect,5.446,c,,False,True,0,{},,,,0,False,False,null_deref,missing_null_check,program.c,13.0,,False,False,False,False,/Users/ibraheemamin/Documents/cos484-final-project/chatdbgpro/bench/results/smoke-v2-nemotron-qwen/null-deref-env__tier3__openrouter_nvidia_nemotron-3-nano-30b-a3b__tier3_gdb_only__ctx10__t1
smoke-v2-nemotron-qwen,null-deref-env__tier3__openrouter_qwen_qwen3-30b-a3b-instruct-2507__tier3_gdb_only__ctx10__t1,null-deref-env,openrouter/qwen/qwen3-30b-a3b-instruct-2507,tier3_gdb_only.json,10,1,no_collect,1.821,c,,False,True,0,{},,,,0,False,False,null_deref,missing_null_check,program.c,13.0,,False,False,False,False,/Users/ibraheemamin/Documents/cos484-final-project/chatdbgpro/bench/results/smoke-v2-nemotron-qwen/null-deref-env__tier3__openrouter_qwen_qwen3-30b-a3b-instruct-2507__tier3_gdb_only__ctx10__t1
smoke-v2-nemotron-qwen,off-by-one-crc__tier3__openrouter_nvidia_nemotron-3-nano-30b-a3b__tier3_gdb_only__ctx10__t1,off-by-one-crc,openrouter/nvidia/nemotron-3-nano-30b-a3b,tier3_gdb_only.json,10,1,no_collect,1.522,c,,False,True,0,{},,,,0,False,False,off_by_one,buffer_overread,program.c,11.0,,False,False,False,False,/Users/ibraheemamin/Documents/cos484-final-project/chatdbgpro/bench/results/smoke-v2-nemotron-qwen/off-by-one-crc__tier3__openrouter_nvidia_nemotron-3-nano-30b-a3b__tier3_gdb_only__ctx10__t1
smoke-v2-nemotron-qwen,off-by-one-crc__tier3__openrouter_qwen_qwen3-30b-a3b-instruct-2507__tier3_gdb_only__ctx10__t1,off-by-one-crc,openrouter/qwen/qwen3-30b-a3b-instruct-2507,tier3_gdb_only.json,10,1,no_collect,1.521,c,,False,True,0,{},,,,0,False,False,off_by_one,buffer_overread,program.c,11.0,,False,False,False,False,/Users/ibraheemamin/Documents/cos484-final-project/chatdbgpro/bench/results/smoke-v2-nemotron-qwen/off-by-one-crc__tier3__openrouter_qwen_qwen3-30b-a3b-instruct-2507__tier3_gdb_only__ctx10__t1
smoke-v3-nemotron-qwen,null-deref-env__tier3__openrouter_nvidia_nemotron-3-nano-30b-a3b__tier3_gdb_only__ctx10__t1,null-deref-env,openrouter/nvidia/nemotron-3-nano-30b-a3b,tier3_gdb_only.json,10,1,ok,19.039,c,./build/prog,True,True,0,{},2956.0,1625.0,1331.0,3754,True,False,null_deref,missing_null_check,program.c,13.0,,False,False,False,False,/Users/ibraheemamin/Documents/cos484-final-project/chatdbgpro/bench/results/smoke-v3-nemotron-qwen/null-deref-env__tier3__openrouter_nvidia_nemotron-3-nano-30b-a3b__tier3_gdb_only__ctx10__t1
smoke-v3-nemotron-qwen,null-deref-env__tier3__openrouter_qwen_qwen3-30b-a3b-instruct-2507__tier3_gdb_only__ctx10__t1,null-deref-env,openrouter/qwen/qwen3-30b-a3b-instruct-2507,tier3_gdb_only.json,10,1,ok,22.819,c,./build/prog,True,True,4,"{""print"": 2, ""code"": 1, ""definition"": 1}",3144.0,1961.0,1183.0,4463,True,False,null_deref,missing_null_check,program.c,13.0,,False,True,False,False,/Users/ibraheemamin/Documents/cos484-final-project/chatdbgpro/bench/results/smoke-v3-nemotron-qwen/null-deref-env__tier3__openrouter_qwen_qwen3-30b-a3b-instruct-2507__tier3_gdb_only__ctx10__t1
smoke-v3-nemotron-qwen,off-by-one-crc__tier3__openrouter_nvidia_nemotron-3-nano-30b-a3b__tier3_gdb_only__ctx10__t1,off-by-one-crc,openrouter/nvidia/nemotron-3-nano-30b-a3b,tier3_gdb_only.json,10,1,ok,31.127,c,./build/prog,True,True,0,{},3771.0,1712.0,2059.0,5326,True,False,off_by_one,buffer_overread,program.c,11.0,,True,True,False,True,/Users/ibraheemamin/Documents/cos484-final-project/chatdbgpro/bench/results/smoke-v3-nemotron-qwen/off-by-one-crc__tier3__openrouter_nvidia_nemotron-3-nano-30b-a3b__tier3_gdb_only__ctx10__t1
smoke-v3-nemotron-qwen,off-by-one-crc__tier3__openrouter_qwen_qwen3-30b-a3b-instruct-2507__tier3_gdb_only__ctx10__t1,off-by-one-crc,openrouter/qwen/qwen3-30b-a3b-instruct-2507,tier3_gdb_only.json,10,1,ok,23.032,c,./build/prog,True,True,7,"{""definition"": 1, ""code"": 2, ""print"": 3, ""frame"": 1}",3626.0,2423.0,1203.0,4113,True,False,off_by_one,buffer_overread,program.c,11.0,,False,False,False,False,/Users/ibraheemamin/Documents/cos484-final-project/chatdbgpro/bench/results/smoke-v3-nemotron-qwen/off-by-one-crc__tier3__openrouter_qwen_qwen3-30b-a3b-instruct-2507__tier3_gdb_only__ctx10__t1
step4-pilot-v1,mongoose-http-uninit__tier3__openrouter_nvidia_nemotron-3-nano-30b-a3b__tier3_gdb_only__ctx10__t1,mongoose-http-uninit,openrouter/nvidia/nemotron-3-nano-30b-a3b,tier3_gdb_only.json,10,1,skipped_platform,0.0,c,,False,True,0,{},,,,0,False,False,missing_init,uninit_read,,,,False,False,False,False,/Users/ibraheemamin/Documents/cos484-final-project/chatdbgpro/bench/results/step4-pilot-v1/mongoose-http-uninit__tier3__openrouter_nvidia_nemotron-3-nano-30b-a3b__tier3_gdb_only__ctx10__t1
step4-pilot-v1,mongoose-http-uninit__tier3__openrouter_qwen_qwen3-30b-a3b-instruct-2507__tier3_gdb_only__ctx10__t1,mongoose-http-uninit,openrouter/qwen/qwen3-30b-a3b-instruct-2507,tier3_gdb_only.json,10,1,skipped_platform,0.0,c,,False,True,0,{},,,,0,False,False,missing_init,uninit_read,,,,False,False,False,False,/Users/ibraheemamin/Documents/cos484-final-project/chatdbgpro/bench/results/step4-pilot-v1/mongoose-http-uninit__tier3__openrouter_qwen_qwen3-30b-a3b-instruct-2507__tier3_gdb_only__ctx10__t1
step4-pilot-v1,uninit-stack-accumulator__tier3__openrouter_nvidia_nemotron-3-nano-30b-a3b__tier3_gdb_only__ctx10__t1,uninit-stack-accumulator,openrouter/nvidia/nemotron-3-nano-30b-a3b,tier3_gdb_only.json,10,1,skipped_platform,0.0,c,,False,True,0,{},,,,0,False,False,uninitialized_memory,uninit_read,program.c,6.0,,False,False,False,False,/Users/ibraheemamin/Documents/cos484-final-project/chatdbgpro/bench/results/step4-pilot-v1/uninit-stack-accumulator__tier3__openrouter_nvidia_nemotron-3-nano-30b-a3b__tier3_gdb_only__ctx10__t1
step4-pilot-v1,uninit-stack-accumulator__tier3__openrouter_qwen_qwen3-30b-a3b-instruct-2507__tier3_gdb_only__ctx10__t1,uninit-stack-accumulator,openrouter/qwen/qwen3-30b-a3b-instruct-2507,tier3_gdb_only.json,10,1,skipped_platform,0.0,c,,False,True,0,{},,,,0,False,False,uninitialized_memory,uninit_read,program.c,6.0,,False,False,False,False,/Users/ibraheemamin/Documents/cos484-final-project/chatdbgpro/bench/results/step4-pilot-v1/uninit-stack-accumulator__tier3__openrouter_qwen_qwen3-30b-a3b-instruct-2507__tier3_gdb_only__ctx10__t1
step4-pilot-v2,cjson-parse-string-oob__tier3__openrouter_nvidia_nemotron-3-nano-30b-a3b__tier3_gdb_only__ctx10__t1,cjson-parse-string-oob,openrouter/nvidia/nemotron-3-nano-30b-a3b,tier3_gdb_only.json,10,1,ok,92.249,c,./bench_driver,True,True,5,"{""code"": 5}",5458.0,2737.0,2721.0,8126,True,False,off_by_one,buffer_overread,,,,False,False,False,False,/Users/ibraheemamin/Documents/cos484-final-project/chatdbgpro/bench/results/step4-pilot-v2/cjson-parse-string-oob__tier3__openrouter_nvidia_nemotron-3-nano-30b-a3b__tier3_gdb_only__ctx10__t1
step4-pilot-v2,cjson-parse-string-oob__tier3__openrouter_qwen_qwen3-30b-a3b-instruct-2507__tier3_gdb_only__ctx10__t1,cjson-parse-string-oob,openrouter/qwen/qwen3-30b-a3b-instruct-2507,tier3_gdb_only.json,10,1,ok,26.649,c,./bench_driver,True,True,18,"{""frame"": 5, ""code"": 4, ""print"": 7, ""definition"": 2}",4781.0,3097.0,1684.0,6478,True,False,off_by_one,buffer_overread,,,,False,False,False,False,/Users/ibraheemamin/Documents/cos484-final-project/chatdbgpro/bench/results/step4-pilot-v2/cjson-parse-string-oob__tier3__openrouter_qwen_qwen3-30b-a3b-instruct-2507__tier3_gdb_only__ctx10__t1
